{
  "uttid": "0669-0004",
  "words": {
    "sentence": [
      "WHENEVER",
      "SHE",
      "SEND",
      "A",
      "MESSAGE",
      "EVERYONE",
      "IGNORE",
      "HER"
    ],
    "interval": [
      [
        0.08,
        0.52
      ],
      [
        0.52,
        0.79
      ],
      [
        0.79,
        1.08
      ],
      [
        1.08,
        1.15
      ],
      [
        1.15,
        1.82
      ],
      [
        1.88,
        2.29
      ],
      [
        2.29,
        2.69
      ],
      [
        2.69,
        3.02
      ]
    ],
    "disfluency_label": [
      1,
      1,
      1,
      1,
      1,
      0,
      1,
      1
    ],
    "att_based_D_on_src": {
      "interval": [
        [
          0.79,
          1.08
        ],
        [
          1.08,
          1.15
        ]
      ],
      "disfluency_label": [
        0,
        0,
        1,
        1,
        0,
        0,
        0,
        0
      ],
      "f1": 0.4444444444444445,
      "precision": 1.0,
      "recall": 0.2857142857142857,
      "tp": 2,
      "fp": 0,
      "tn": 1,
      "fn": 5
    },
    "hs_based_D_on_src_novc": {
      "interval": [
        [
          0.08,
          0.52
        ],
        [
          0.79,
          1.08
        ],
        [
          1.08,
          1.15
        ],
        [
          1.15,
          1.82
        ],
        [
          1.88,
          2.29
        ],
        [
          2.29,
          2.69
        ],
        [
          2.69,
          3.02
        ]
      ],
      "disfluency_label": [
        1,
        0,
        1,
        1,
        1,
        1,
        1,
        1
      ],
      "f1": 0.8571428571428571,
      "precision": 0.8571428571428571,
      "recall": 0.8571428571428571,
      "tp": 6,
      "fp": 1,
      "tn": 0,
      "fn": 1
    },
    "zs_based_D_on_src_novc": {
      "interval": [
        [
          0.52,
          0.79
        ],
        [
          0.79,
          1.08
        ],
        [
          1.08,
          1.15
        ],
        [
          1.15,
          1.82
        ],
        [
          1.88,
          2.29
        ],
        [
          2.29,
          2.69
        ],
        [
          2.69,
          3.02
        ]
      ],
      "disfluency_label": [
        0,
        1,
        1,
        1,
        1,
        1,
        1,
        1
      ],
      "f1": 0.8571428571428571,
      "precision": 0.8571428571428571,
      "recall": 0.8571428571428571,
      "tp": 6,
      "fp": 1,
      "tn": 0,
      "fn": 1
    },
    "hs_based_D_on_src": {
      "interval": [
        [
          0.08,
          0.52
        ],
        [
          1.15,
          1.82
        ],
        [
          1.88,
          2.29
        ],
        [
          2.29,
          2.69
        ],
        [
          2.69,
          3.02
        ]
      ],
      "disfluency_label": [
        1,
        0,
        0,
        0,
        1,
        1,
        1,
        1
      ],
      "f1": 0.6666666666666666,
      "precision": 0.8,
      "recall": 0.5714285714285714,
      "tp": 4,
      "fp": 1,
      "tn": 0,
      "fn": 3
    },
    "zs_based_D_on_src": {
      "interval": [
        [
          2.69,
          3.02
        ]
      ],
      "disfluency_label": [
        0,
        0,
        0,
        0,
        0,
        0,
        0,
        1
      ],
      "f1": 0.25,
      "precision": 1.0,
      "recall": 0.14285714285714285,
      "tp": 1,
      "fp": 0,
      "tn": 1,
      "fn": 6
    },
    "zs_hs_based_D_on_src": {
      "interval": [
        [
          0.52,
          0.79
        ],
        [
          0.79,
          1.08
        ],
        [
          1.15,
          1.82
        ],
        [
          1.88,
          2.29
        ],
        [
          2.29,
          2.69
        ]
      ],
      "disfluency_label": [
        0,
        1,
        1,
        0,
        1,
        1,
        1,
        0
      ],
      "f1": 0.6666666666666666,
      "precision": 0.8,
      "recall": 0.5714285714285714,
      "tp": 4,
      "fp": 1,
      "tn": 0,
      "fn": 3
    },
    "ASR": {
      "disfluency_label": [
        1,
        1,
        1,
        0,
        0,
        1,
        1,
        1
      ],
      "f1": 0.7692307692307692,
      "precision": 0.8333333333333334,
      "recall": 0.7142857142857143,
      "tp": 5,
      "fp": 1,
      "tn": 0,
      "fn": 2
    }
  }
}