{
  "uttid": "0670-0003",
  "words": {
    "sentence": [
      "I",
      "WILL",
      "DELIVER",
      "THROUGH",
      "BY",
      "THE",
      "NEXT",
      "MEETING"
    ],
    "interval": [
      [
        0.03,
        0.21
      ],
      [
        0.21,
        0.23
      ],
      [
        0.23,
        7.44
      ],
      [
        7.44,
        7.66
      ],
      [
        7.67,
        8.37
      ],
      [
        8.37,
        8.48
      ],
      [
        8.48,
        8.85
      ],
      [
        8.85,
        9.4
      ]
    ],
    "disfluency_label": [
      0,
      0,
      1,
      0,
      1,
      1,
      0,
      0
    ],
    "att_based_D_on_src": {
      "interval": [
        [
          0.23,
          7.44
        ]
      ],
      "disfluency_label": [
        0,
        0,
        1,
        0,
        0,
        0,
        0,
        0
      ],
      "f1": 0.5,
      "precision": 1.0,
      "recall": 0.3333333333333333,
      "tp": 1,
      "fp": 0,
      "tn": 5,
      "fn": 2
    },
    "hs_based_D_on_src_novc": {
      "interval": [
        [
          0.03,
          0.21
        ],
        [
          0.21,
          0.23
        ],
        [
          0.23,
          7.44
        ],
        [
          7.44,
          7.66
        ],
        [
          7.67,
          8.37
        ],
        [
          8.37,
          8.48
        ],
        [
          8.48,
          8.85
        ],
        [
          8.85,
          9.4
        ]
      ],
      "disfluency_label": [
        1,
        1,
        1,
        1,
        1,
        1,
        1,
        1
      ],
      "f1": 0.5454545454545454,
      "precision": 0.375,
      "recall": 1.0,
      "tp": 3,
      "fp": 5,
      "tn": 0,
      "fn": 0
    },
    "zs_based_D_on_src_novc": {
      "interval": [
        [
          0.03,
          0.21
        ],
        [
          0.21,
          0.23
        ],
        [
          0.23,
          7.44
        ],
        [
          7.44,
          7.66
        ],
        [
          7.67,
          8.37
        ],
        [
          8.37,
          8.48
        ],
        [
          8.48,
          8.85
        ]
      ],
      "disfluency_label": [
        1,
        1,
        1,
        1,
        1,
        1,
        1,
        0
      ],
      "f1": 0.6,
      "precision": 0.42857142857142855,
      "recall": 1.0,
      "tp": 3,
      "fp": 4,
      "tn": 1,
      "fn": 0
    },
    "hs_based_D_on_src": {
      "interval": [
        [
          0.23,
          7.44
        ],
        [
          7.67,
          8.37
        ],
        [
          8.37,
          8.48
        ],
        [
          8.48,
          8.85
        ],
        [
          8.85,
          9.4
        ]
      ],
      "disfluency_label": [
        0,
        0,
        1,
        0,
        1,
        1,
        1,
        1
      ],
      "f1": 0.7499999999999999,
      "precision": 0.6,
      "recall": 1.0,
      "tp": 3,
      "fp": 2,
      "tn": 3,
      "fn": 0
    },
    "zs_based_D_on_src": {
      "interval": [
        [
          0.23,
          7.44
        ],
        [
          7.44,
          7.66
        ],
        [
          7.67,
          8.37
        ],
        [
          8.37,
          8.48
        ],
        [
          8.48,
          8.85
        ],
        [
          8.85,
          9.4
        ]
      ],
      "disfluency_label": [
        0,
        0,
        1,
        1,
        1,
        1,
        1,
        1
      ],
      "f1": 0.6666666666666666,
      "precision": 0.5,
      "recall": 1.0,
      "tp": 3,
      "fp": 3,
      "tn": 2,
      "fn": 0
    },
    "zs_hs_based_D_on_src": {
      "interval": [
        [
          0.03,
          0.21
        ],
        [
          0.21,
          0.23
        ],
        [
          0.23,
          7.44
        ],
        [
          7.44,
          7.66
        ],
        [
          7.67,
          8.37
        ],
        [
          8.37,
          8.48
        ],
        [
          8.48,
          8.85
        ],
        [
          8.85,
          9.4
        ]
      ],
      "disfluency_label": [
        1,
        1,
        1,
        1,
        1,
        1,
        1,
        1
      ],
      "f1": 0.5454545454545454,
      "precision": 0.375,
      "recall": 1.0,
      "tp": 3,
      "fp": 5,
      "tn": 0,
      "fn": 0
    },
    "ASR": {
      "disfluency_label": [
        1,
        1,
        0,
        0,
        0,
        0,
        0,
        0,
        0,
        0,
        0,
        0,
        0,
        0,
        0,
        0,
        0,
        0,
        0,
        0,
        0
      ],
      "f1": 0,
      "precision": 0.0,
      "recall": 0.0,
      "tp": 0,
      "fp": 2,
      "tn": 3,
      "fn": 3
    }
  }
}