{
  "uttid": "0670-0001",
  "words": {
    "sentence": [
      "THE",
      "THREE",
      "REGULATIONS",
      "I",
      "WANT",
      "YOU",
      "KNOW",
      "ARE",
      "THE",
      "CUSTOMS",
      "ACT",
      "GOODS",
      "SERVICES",
      "TAX",
      "ACT",
      "AND",
      "THE",
      "REGULATION",
      "OF",
      "IMPORTS",
      "AND",
      "ACTS"
    ],
    "interval": [
      [
        0.0,
        0.14
      ],
      [
        0.14,
        0.53
      ],
      [
        0.53,
        1.68
      ],
      [
        1.69,
        1.85
      ],
      [
        1.85,
        2.15
      ],
      [
        2.15,
        2.27
      ],
      [
        2.27,
        4.15
      ],
      [
        4.15,
        4.41
      ],
      [
        4.41,
        5.95
      ],
      [
        5.95,
        7.13
      ],
      [
        7.13,
        7.29
      ],
      [
        7.29,
        7.3
      ],
      [
        7.3,
        7.35
      ],
      [
        7.35,
        7.61
      ],
      [
        7.61,
        8.56
      ],
      [
        8.66,
        8.91
      ],
      [
        8.91,
        9.0
      ],
      [
        9.0,
        9.69
      ],
      [
        9.69,
        11.9
      ],
      [
        11.9,
        12.0
      ],
      [
        12.0,
        12.06
      ],
      [
        12.06,
        12.56
      ]
    ],
    "disfluency_label": [
      0,
      0,
      0,
      0,
      0,
      0,
      1,
      1,
      0,
      1,
      1,
      1,
      0,
      0,
      1,
      0,
      0,
      1,
      1,
      1,
      0,
      0
    ],
    "att_based_D_on_src": {
      "interval": [
        [
          4.15,
          4.41
        ],
        [
          4.41,
          5.95
        ],
        [
          5.95,
          7.13
        ],
        [
          8.66,
          8.91
        ],
        [
          9.0,
          9.69
        ],
        [
          9.69,
          11.9
        ],
        [
          12.06,
          12.56
        ]
      ],
      "disfluency_label": [
        0,
        0,
        0,
        0,
        0,
        0,
        0,
        1,
        1,
        1,
        0,
        0,
        0,
        0,
        0,
        1,
        0,
        1,
        1,
        0,
        0,
        1
      ],
      "f1": 0.5,
      "precision": 0.5714285714285714,
      "recall": 0.4444444444444444,
      "tp": 4,
      "fp": 3,
      "tn": 10,
      "fn": 5
    },
    "hs_based_D_on_src_novc": {
      "interval": [
        [
          0.53,
          1.68
        ],
        [
          1.69,
          1.85
        ],
        [
          1.85,
          2.15
        ],
        [
          2.15,
          2.27
        ],
        [
          2.27,
          4.15
        ],
        [
          4.41,
          5.95
        ],
        [
          5.95,
          7.13
        ],
        [
          7.35,
          7.61
        ],
        [
          8.91,
          9.0
        ],
        [
          9.0,
          9.69
        ],
        [
          9.69,
          11.9
        ]
      ],
      "disfluency_label": [
        0,
        0,
        1,
        1,
        1,
        1,
        1,
        0,
        1,
        1,
        0,
        0,
        0,
        1,
        0,
        0,
        1,
        1,
        1,
        0,
        0,
        0
      ],
      "f1": 0.39999999999999997,
      "precision": 0.36363636363636365,
      "recall": 0.4444444444444444,
      "tp": 4,
      "fp": 7,
      "tn": 6,
      "fn": 5
    },
    "zs_based_D_on_src_novc": {
      "interval": [
        [
          0.53,
          1.68
        ],
        [
          1.69,
          1.85
        ]
      ],
      "disfluency_label": [
        0,
        0,
        1,
        1,
        0,
        0,
        0,
        0,
        0,
        0,
        0,
        0,
        0,
        0,
        0,
        0,
        0,
        0,
        0,
        0,
        0,
        0
      ],
      "f1": 0,
      "precision": 0.0,
      "recall": 0.0,
      "tp": 0,
      "fp": 2,
      "tn": 11,
      "fn": 9
    },
    "hs_based_D_on_src": {
      "interval": [
        [
          7.3,
          7.35
        ],
        [
          7.35,
          7.61
        ],
        [
          7.61,
          8.56
        ],
        [
          8.66,
          8.91
        ],
        [
          8.91,
          9.0
        ],
        [
          9.0,
          9.69
        ],
        [
          9.69,
          11.9
        ]
      ],
      "disfluency_label": [
        0,
        0,
        0,
        0,
        0,
        0,
        0,
        0,
        0,
        0,
        0,
        0,
        1,
        1,
        1,
        1,
        1,
        1,
        1,
        0,
        0,
        0
      ],
      "f1": 0.375,
      "precision": 0.42857142857142855,
      "recall": 0.3333333333333333,
      "tp": 3,
      "fp": 4,
      "tn": 9,
      "fn": 6
    },
    "zs_based_D_on_src": {
      "interval": [
        [
          0.0,
          0.14
        ],
        [
          0.53,
          1.68
        ],
        [
          5.95,
          7.13
        ],
        [
          7.13,
          7.29
        ]
      ],
      "disfluency_label": [
        1,
        0,
        1,
        0,
        0,
        0,
        0,
        0,
        0,
        1,
        1,
        0,
        0,
        0,
        0,
        0,
        0,
        0,
        0,
        0,
        0,
        0
      ],
      "f1": 0.30769230769230765,
      "precision": 0.5,
      "recall": 0.2222222222222222,
      "tp": 2,
      "fp": 2,
      "tn": 11,
      "fn": 7
    },
    "zs_hs_based_D_on_src": {
      "interval": [
        [
          0.53,
          1.68
        ],
        [
          2.27,
          4.15
        ],
        [
          5.95,
          7.13
        ],
        [
          7.13,
          7.29
        ],
        [
          7.29,
          7.3
        ],
        [
          7.3,
          7.35
        ],
        [
          8.66,
          8.91
        ],
        [
          8.91,
          9.0
        ],
        [
          9.0,
          9.69
        ],
        [
          9.69,
          11.9
        ]
      ],
      "disfluency_label": [
        0,
        0,
        1,
        0,
        0,
        0,
        1,
        0,
        0,
        1,
        1,
        1,
        1,
        0,
        0,
        1,
        1,
        1,
        1,
        0,
        0,
        0
      ],
      "f1": 0.631578947368421,
      "precision": 0.6,
      "recall": 0.6666666666666666,
      "tp": 6,
      "fp": 4,
      "tn": 9,
      "fn": 3
    },
    "ASR": {
      "disfluency_label": [
        0,
        1,
        1,
        0,
        0,
        0,
        0,
        0,
        1,
        1,
        0,
        0,
        0,
        1,
        0,
        1,
        0,
        0,
        0,
        0,
        1,
        0,
        1,
        0,
        1,
        0
      ],
      "f1": 0.125,
      "precision": 0.14285714285714285,
      "recall": 0.1111111111111111,
      "tp": 1,
      "fp": 6,
      "tn": 7,
      "fn": 8
    }
  }
}