{
  "uttid": "0675-0001",
  "words": {
    "sentence": [
      "FOR",
      "EXAMPLE",
      "BRITISH",
      "ACCENT",
      "AND",
      "AMERICAN",
      "WATER",
      "AND",
      "WATER",
      "SECONDLY",
      "SAFETY",
      "IS",
      "ALSO",
      "IMPORTANT",
      "BECAUSE",
      "SOME",
      "COUNTRIES",
      "ALLOW",
      "TO",
      "HAVE",
      "GUNS"
    ],
    "interval": [
      [
        0.0,
        0.18
      ],
      [
        0.18,
        0.99
      ],
      [
        0.99,
        1.31
      ],
      [
        1.31,
        1.65
      ],
      [
        1.65,
        2.88
      ],
      [
        2.88,
        6.05
      ],
      [
        6.05,
        6.13
      ],
      [
        6.16,
        6.7
      ],
      [
        6.7,
        7.12
      ],
      [
        9.3,
        10.1
      ],
      [
        10.11,
        11.27
      ],
      [
        11.27,
        11.5
      ],
      [
        11.5,
        12.03
      ],
      [
        12.03,
        12.57
      ],
      [
        12.57,
        12.65
      ],
      [
        12.65,
        12.77
      ],
      [
        12.77,
        14.88
      ],
      [
        14.88,
        15.3
      ],
      [
        15.3,
        15.64
      ],
      [
        15.64,
        15.93
      ],
      [
        15.93,
        16.49
      ]
    ],
    "disfluency_label": [
      0,
      0,
      1,
      0,
      1,
      0,
      0,
      1,
      0,
      0,
      0,
      0,
      0,
      0,
      0,
      0,
      0,
      0,
      0,
      0,
      0
    ],
    "att_based_D_on_src": {
      "interval": [
        [
          0.99,
          1.31
        ],
        [
          1.31,
          1.65
        ],
        [
          1.65,
          2.88
        ],
        [
          2.88,
          6.05
        ],
        [
          6.7,
          7.12
        ],
        [
          9.3,
          10.1
        ],
        [
          10.11,
          11.27
        ],
        [
          12.57,
          12.65
        ],
        [
          12.65,
          12.77
        ],
        [
          12.77,
          14.88
        ]
      ],
      "disfluency_label": [
        0,
        0,
        1,
        1,
        1,
        1,
        0,
        0,
        1,
        1,
        1,
        0,
        0,
        0,
        1,
        1,
        1,
        0,
        0,
        0,
        0
      ],
      "f1": 0.30769230769230765,
      "precision": 0.2,
      "recall": 0.6666666666666666,
      "tp": 2,
      "fp": 8,
      "tn": 10,
      "fn": 1
    },
    "hs_based_D_on_src_novc": {
      "interval": [
        [
          1.31,
          1.65
        ],
        [
          1.65,
          2.88
        ],
        [
          2.88,
          6.05
        ],
        [
          6.05,
          6.13
        ],
        [
          9.3,
          10.1
        ],
        [
          10.11,
          11.27
        ],
        [
          11.27,
          11.5
        ],
        [
          11.5,
          12.03
        ],
        [
          12.03,
          12.57
        ],
        [
          12.57,
          12.65
        ],
        [
          12.65,
          12.77
        ]
      ],
      "disfluency_label": [
        0,
        0,
        0,
        1,
        1,
        1,
        1,
        0,
        0,
        1,
        1,
        1,
        1,
        1,
        1,
        1,
        0,
        0,
        0,
        0,
        0
      ],
      "f1": 0.14285714285714288,
      "precision": 0.09090909090909091,
      "recall": 0.3333333333333333,
      "tp": 1,
      "fp": 10,
      "tn": 8,
      "fn": 2
    },
    "zs_based_D_on_src_novc": {
      "interval": [
        [
          1.31,
          1.65
        ],
        [
          1.65,
          2.88
        ],
        [
          2.88,
          6.05
        ],
        [
          6.05,
          6.13
        ],
        [
          9.3,
          10.1
        ],
        [
          10.11,
          11.27
        ]
      ],
      "disfluency_label": [
        0,
        0,
        0,
        1,
        1,
        1,
        1,
        0,
        0,
        1,
        1,
        0,
        0,
        0,
        0,
        0,
        0,
        0,
        0,
        0,
        0
      ],
      "f1": 0.2222222222222222,
      "precision": 0.16666666666666666,
      "recall": 0.3333333333333333,
      "tp": 1,
      "fp": 5,
      "tn": 13,
      "fn": 2
    },
    "hs_based_D_on_src": {
      "interval": [
        [
          2.88,
          6.05
        ],
        [
          15.64,
          15.93
        ]
      ],
      "disfluency_label": [
        0,
        0,
        0,
        0,
        0,
        1,
        0,
        0,
        0,
        0,
        0,
        0,
        0,
        0,
        0,
        0,
        0,
        0,
        0,
        1,
        0
      ],
      "f1": 0,
      "precision": 0.0,
      "recall": 0.0,
      "tp": 0,
      "fp": 2,
      "tn": 16,
      "fn": 3
    },
    "zs_based_D_on_src": {
      "interval": [
        [
          15.93,
          16.49
        ]
      ],
      "disfluency_label": [
        0,
        0,
        0,
        0,
        0,
        0,
        0,
        0,
        0,
        0,
        0,
        0,
        0,
        0,
        0,
        0,
        0,
        0,
        0,
        0,
        1
      ],
      "f1": 0,
      "precision": 0.0,
      "recall": 0.0,
      "tp": 0,
      "fp": 1,
      "tn": 17,
      "fn": 3
    },
    "zs_hs_based_D_on_src": {
      "interval": [
        [
          1.65,
          2.88
        ],
        [
          2.88,
          6.05
        ],
        [
          15.93,
          16.49
        ]
      ],
      "disfluency_label": [
        0,
        0,
        0,
        0,
        1,
        1,
        0,
        0,
        0,
        0,
        0,
        0,
        0,
        0,
        0,
        0,
        0,
        0,
        0,
        0,
        1
      ],
      "f1": 0.3333333333333333,
      "precision": 0.3333333333333333,
      "recall": 0.3333333333333333,
      "tp": 1,
      "fp": 2,
      "tn": 16,
      "fn": 2
    },
    "ASR": {
      "disfluency_label": [
        0,
        0,
        0,
        0,
        0,
        0,
        0,
        0,
        0,
        0,
        0,
        0,
        0,
        0,
        0,
        0,
        0,
        0,
        0,
        0,
        0,
        0,
        0,
        0
      ],
      "f1": 0,
      "precision": 0,
      "recall": 0.0,
      "tp": 0,
      "fp": 0,
      "tn": 18,
      "fn": 3
    }
  }
}