{
  "uttid": "0676-0001",
  "words": {
    "sentence": [
      "ON",
      "THE",
      "OTHER",
      "SOMEONE",
      "WHO",
      "USUALLY",
      "NOT",
      "BE",
      "ACTIVE",
      "WOULD",
      "SUFFER",
      "FROM",
      "STRESS"
    ],
    "interval": [
      [
        0.04,
        0.23
      ],
      [
        0.23,
        0.32
      ],
      [
        0.32,
        0.58
      ],
      [
        0.58,
        1.02
      ],
      [
        1.53,
        2.68
      ],
      [
        2.68,
        3.25
      ],
      [
        3.25,
        3.49
      ],
      [
        3.49,
        3.64
      ],
      [
        3.64,
        4.43
      ],
      [
        4.45,
        4.65
      ],
      [
        4.65,
        5.11
      ],
      [
        5.11,
        5.41
      ],
      [
        5.41,
        5.89
      ]
    ],
    "disfluency_label": [
      0,
      0,
      0,
      0,
      0,
      0,
      0,
      0,
      0,
      1,
      0,
      0,
      0
    ],
    "att_based_D_on_src": {
      "interval": [
        [
          1.53,
          2.68
        ],
        [
          3.64,
          4.43
        ],
        [
          4.45,
          4.65
        ]
      ],
      "disfluency_label": [
        0,
        0,
        0,
        0,
        1,
        0,
        0,
        0,
        1,
        1,
        0,
        0,
        0
      ],
      "f1": 0.5,
      "precision": 0.3333333333333333,
      "recall": 1.0,
      "tp": 1,
      "fp": 2,
      "tn": 10,
      "fn": 0
    },
    "hs_based_D_on_src_novc": {
      "interval": [
        [
          1.53,
          2.68
        ],
        [
          2.68,
          3.25
        ],
        [
          3.64,
          4.43
        ],
        [
          4.45,
          4.65
        ],
        [
          4.65,
          5.11
        ]
      ],
      "disfluency_label": [
        0,
        0,
        0,
        0,
        1,
        1,
        0,
        0,
        1,
        1,
        1,
        0,
        0
      ],
      "f1": 0.33333333333333337,
      "precision": 0.2,
      "recall": 1.0,
      "tp": 1,
      "fp": 4,
      "tn": 8,
      "fn": 0
    },
    "zs_based_D_on_src_novc": {
      "interval": [
        [
          0.04,
          0.23
        ],
        [
          3.25,
          3.49
        ],
        [
          3.64,
          4.43
        ]
      ],
      "disfluency_label": [
        1,
        0,
        0,
        0,
        0,
        0,
        1,
        0,
        1,
        0,
        0,
        0,
        0
      ],
      "f1": 0,
      "precision": 0.0,
      "recall": 0.0,
      "tp": 0,
      "fp": 3,
      "tn": 9,
      "fn": 1
    },
    "hs_based_D_on_src": {
      "interval": [
        [
          1.53,
          2.68
        ],
        [
          3.64,
          4.43
        ],
        [
          4.45,
          4.65
        ],
        [
          4.65,
          5.11
        ],
        [
          5.11,
          5.41
        ],
        [
          5.41,
          5.89
        ]
      ],
      "disfluency_label": [
        0,
        0,
        0,
        0,
        1,
        0,
        0,
        0,
        1,
        1,
        1,
        1,
        1
      ],
      "f1": 0.2857142857142857,
      "precision": 0.16666666666666666,
      "recall": 1.0,
      "tp": 1,
      "fp": 5,
      "tn": 7,
      "fn": 0
    },
    "zs_based_D_on_src": {
      "interval": [
        [
          1.53,
          2.68
        ],
        [
          4.65,
          5.11
        ],
        [
          5.11,
          5.41
        ],
        [
          5.41,
          5.89
        ]
      ],
      "disfluency_label": [
        0,
        0,
        0,
        0,
        1,
        0,
        0,
        0,
        0,
        0,
        1,
        1,
        1
      ],
      "f1": 0,
      "precision": 0.0,
      "recall": 0.0,
      "tp": 0,
      "fp": 4,
      "tn": 8,
      "fn": 1
    },
    "zs_hs_based_D_on_src": {
      "interval": [
        [
          1.53,
          2.68
        ],
        [
          3.64,
          4.43
        ],
        [
          4.45,
          4.65
        ],
        [
          4.65,
          5.11
        ],
        [
          5.11,
          5.41
        ],
        [
          5.41,
          5.89
        ]
      ],
      "disfluency_label": [
        0,
        0,
        0,
        0,
        1,
        0,
        0,
        0,
        1,
        1,
        1,
        1,
        1
      ],
      "f1": 0.2857142857142857,
      "precision": 0.16666666666666666,
      "recall": 1.0,
      "tp": 1,
      "fp": 5,
      "tn": 7,
      "fn": 0
    },
    "ASR": {
      "disfluency_label": [
        0,
        0,
        0,
        0,
        1,
        0,
        0,
        0,
        0,
        0,
        0,
        0,
        1,
        1
      ],
      "f1": 0,
      "precision": 0.0,
      "recall": 0.0,
      "tp": 0,
      "fp": 2,
      "tn": 10,
      "fn": 1
    }
  }
}