{
  "uttid": "0676-0003",
  "words": {
    "sentence": [
      "IT",
      "IS",
      "SO",
      "BAD",
      "AND",
      "THEY",
      "MAY",
      "GO",
      "OFF",
      "TOUCHING",
      "THE",
      "CULTURE",
      "THEREFORE",
      "IMPORTANT",
      "MAKE",
      "EFFORT",
      "ADAPT",
      "AS",
      "WELL",
      "AS",
      "POSSIBLE"
    ],
    "interval": [
      [
        0.03,
        0.17
      ],
      [
        0.17,
        0.31
      ],
      [
        0.31,
        0.89
      ],
      [
        0.89,
        1.54
      ],
      [
        1.54,
        1.77
      ],
      [
        1.77,
        1.95
      ],
      [
        1.95,
        2.19
      ],
      [
        2.19,
        2.4
      ],
      [
        2.4,
        2.82
      ],
      [
        2.82,
        3.3
      ],
      [
        3.3,
        3.45
      ],
      [
        3.45,
        3.49
      ],
      [
        3.52,
        3.71
      ],
      [
        3.72,
        3.73
      ],
      [
        3.73,
        3.75
      ],
      [
        3.75,
        3.87
      ],
      [
        3.87,
        9.72
      ],
      [
        9.72,
        10.02
      ],
      [
        10.02,
        10.43
      ],
      [
        10.43,
        10.56
      ],
      [
        10.56,
        11.05
      ]
    ],
    "disfluency_label": [
      0,
      0,
      0,
      1,
      1,
      1,
      1,
      1,
      1,
      1,
      1,
      1,
      1,
      1,
      1,
      1,
      1,
      0,
      0,
      0,
      0
    ],
    "att_based_D_on_src": {
      "interval": [
        [
          0.89,
          1.54
        ],
        [
          1.54,
          1.77
        ],
        [
          3.87,
          9.72
        ]
      ],
      "disfluency_label": [
        0,
        0,
        0,
        1,
        1,
        0,
        0,
        0,
        0,
        0,
        0,
        0,
        0,
        0,
        0,
        0,
        1,
        0,
        0,
        0,
        0
      ],
      "f1": 0.35294117647058826,
      "precision": 1.0,
      "recall": 0.21428571428571427,
      "tp": 3,
      "fp": 0,
      "tn": 7,
      "fn": 11
    },
    "hs_based_D_on_src_novc": {
      "interval": [
        [
          0.89,
          1.54
        ],
        [
          3.87,
          9.72
        ],
        [
          9.72,
          10.02
        ]
      ],
      "disfluency_label": [
        0,
        0,
        0,
        1,
        0,
        0,
        0,
        0,
        0,
        0,
        0,
        0,
        0,
        0,
        0,
        0,
        1,
        1,
        0,
        0,
        0
      ],
      "f1": 0.23529411764705882,
      "precision": 0.6666666666666666,
      "recall": 0.14285714285714285,
      "tp": 2,
      "fp": 1,
      "tn": 6,
      "fn": 12
    },
    "zs_based_D_on_src_novc": {
      "interval": [],
      "disfluency_label": [
        0,
        0,
        0,
        0,
        0,
        0,
        0,
        0,
        0,
        0,
        0,
        0,
        0,
        0,
        0,
        0,
        0,
        0,
        0,
        0,
        0
      ],
      "f1": 0,
      "precision": 0,
      "recall": 0.0,
      "tp": 0,
      "fp": 0,
      "tn": 7,
      "fn": 14
    },
    "hs_based_D_on_src": {
      "interval": [
        [
          0.89,
          1.54
        ],
        [
          2.82,
          3.3
        ],
        [
          3.87,
          9.72
        ]
      ],
      "disfluency_label": [
        0,
        0,
        0,
        1,
        0,
        0,
        0,
        0,
        0,
        1,
        0,
        0,
        0,
        0,
        0,
        0,
        1,
        0,
        0,
        0,
        0
      ],
      "f1": 0.35294117647058826,
      "precision": 1.0,
      "recall": 0.21428571428571427,
      "tp": 3,
      "fp": 0,
      "tn": 7,
      "fn": 11
    },
    "zs_based_D_on_src": {
      "interval": [
        [
          10.02,
          10.43
        ],
        [
          10.43,
          10.56
        ],
        [
          10.56,
          11.05
        ]
      ],
      "disfluency_label": [
        0,
        0,
        0,
        0,
        0,
        0,
        0,
        0,
        0,
        0,
        0,
        0,
        0,
        0,
        0,
        0,
        0,
        0,
        1,
        1,
        1
      ],
      "f1": 0,
      "precision": 0.0,
      "recall": 0.0,
      "tp": 0,
      "fp": 3,
      "tn": 4,
      "fn": 14
    },
    "zs_hs_based_D_on_src": {
      "interval": [
        [
          2.19,
          2.4
        ],
        [
          2.4,
          2.82
        ],
        [
          2.82,
          3.3
        ],
        [
          3.3,
          3.45
        ],
        [
          3.45,
          3.49
        ],
        [
          3.52,
          3.71
        ],
        [
          3.72,
          3.73
        ],
        [
          3.73,
          3.75
        ],
        [
          3.75,
          3.87
        ],
        [
          3.87,
          9.72
        ]
      ],
      "disfluency_label": [
        0,
        0,
        0,
        0,
        0,
        0,
        0,
        1,
        1,
        1,
        1,
        1,
        1,
        1,
        1,
        1,
        1,
        0,
        0,
        0,
        0
      ],
      "f1": 0.8333333333333333,
      "precision": 1.0,
      "recall": 0.7142857142857143,
      "tp": 10,
      "fp": 0,
      "tn": 7,
      "fn": 4
    },
    "ASR": {
      "disfluency_label": [
        0,
        0,
        0,
        1,
        0,
        0,
        0,
        0,
        0,
        0,
        0,
        1,
        0,
        0,
        0,
        0,
        0,
        0,
        0,
        0,
        0,
        0,
        0,
        0,
        0,
        0
      ],
      "f1": 0.25,
      "precision": 1.0,
      "recall": 0.14285714285714285,
      "tp": 2,
      "fp": 0,
      "tn": 7,
      "fn": 12
    }
  }
}