{
  "uttid": "0678-0002",
  "words": {
    "sentence": [
      "IT",
      "IS",
      "IMPORTANT",
      "TO",
      "IDENTIFY",
      "THE",
      "CORRECT",
      "SOURCE"
    ],
    "interval": [
      [
        0.01,
        0.17
      ],
      [
        0.17,
        1.77
      ],
      [
        1.77,
        1.79
      ],
      [
        1.79,
        1.99
      ],
      [
        2.07,
        2.99
      ],
      [
        3.03,
        3.54
      ],
      [
        3.54,
        3.75
      ],
      [
        3.75,
        4.2
      ]
    ],
    "disfluency_label": [
      0,
      0,
      1,
      0,
      0,
      1,
      1,
      0
    ],
    "att_based_D_on_src": {
      "interval": [
        [
          0.17,
          1.77
        ]
      ],
      "disfluency_label": [
        0,
        1,
        0,
        0,
        0,
        0,
        0,
        0
      ],
      "f1": 0,
      "precision": 0.0,
      "recall": 0.0,
      "tp": 0,
      "fp": 1,
      "tn": 4,
      "fn": 3
    },
    "hs_based_D_on_src_novc": {
      "interval": [
        [
          0.17,
          1.77
        ],
        [
          3.03,
          3.54
        ],
        [
          3.54,
          3.75
        ],
        [
          3.75,
          4.2
        ]
      ],
      "disfluency_label": [
        0,
        1,
        0,
        0,
        0,
        1,
        1,
        1
      ],
      "f1": 0.5714285714285715,
      "precision": 0.5,
      "recall": 0.6666666666666666,
      "tp": 2,
      "fp": 2,
      "tn": 3,
      "fn": 1
    },
    "zs_based_D_on_src_novc": {
      "interval": [
        [
          3.03,
          3.54
        ],
        [
          3.54,
          3.75
        ],
        [
          3.75,
          4.2
        ]
      ],
      "disfluency_label": [
        0,
        0,
        0,
        0,
        0,
        1,
        1,
        1
      ],
      "f1": 0.6666666666666666,
      "precision": 0.6666666666666666,
      "recall": 0.6666666666666666,
      "tp": 2,
      "fp": 1,
      "tn": 4,
      "fn": 1
    },
    "hs_based_D_on_src": {
      "interval": [
        [
          3.03,
          3.54
        ]
      ],
      "disfluency_label": [
        0,
        0,
        0,
        0,
        0,
        1,
        0,
        0
      ],
      "f1": 0.5,
      "precision": 1.0,
      "recall": 0.3333333333333333,
      "tp": 1,
      "fp": 0,
      "tn": 5,
      "fn": 2
    },
    "zs_based_D_on_src": {
      "interval": [
        [
          3.75,
          4.2
        ]
      ],
      "disfluency_label": [
        0,
        0,
        0,
        0,
        0,
        0,
        0,
        1
      ],
      "f1": 0,
      "precision": 0.0,
      "recall": 0.0,
      "tp": 0,
      "fp": 1,
      "tn": 4,
      "fn": 3
    },
    "zs_hs_based_D_on_src": {
      "interval": [
        [
          2.07,
          2.99
        ],
        [
          3.03,
          3.54
        ]
      ],
      "disfluency_label": [
        0,
        0,
        0,
        0,
        1,
        1,
        0,
        0
      ],
      "f1": 0.4,
      "precision": 0.5,
      "recall": 0.3333333333333333,
      "tp": 1,
      "fp": 1,
      "tn": 4,
      "fn": 2
    },
    "ASR": {
      "disfluency_label": [
        0,
        1,
        1,
        0,
        0,
        0,
        1,
        1
      ],
      "f1": 0.5714285714285715,
      "precision": 0.5,
      "recall": 0.6666666666666666,
      "tp": 2,
      "fp": 2,
      "tn": 3,
      "fn": 1
    }
  }
}