{
  "uttid": "0681-0000",
  "words": {
    "sentence": [
      "AT",
      "FIRST",
      "TRAVEL",
      "AGENCY",
      "INTERACT",
      "A",
      "LOT",
      "OF",
      "PEOPLE",
      "SO",
      "IT",
      "IS",
      "LOOKING",
      "FOR",
      "SOMEONE",
      "WHO",
      "CAN",
      "SPEAK",
      "OTHER",
      "LANGUAGES"
    ],
    "interval": [
      [
        0.0,
        0.2
      ],
      [
        0.2,
        0.47
      ],
      [
        0.7,
        2.09
      ],
      [
        2.09,
        4.1
      ],
      [
        4.1,
        4.59
      ],
      [
        4.59,
        4.61
      ],
      [
        4.61,
        4.89
      ],
      [
        4.89,
        5.05
      ],
      [
        5.05,
        5.48
      ],
      [
        7.26,
        7.97
      ],
      [
        8.51,
        8.86
      ],
      [
        8.86,
        9.06
      ],
      [
        9.06,
        9.48
      ],
      [
        9.48,
        9.8
      ],
      [
        9.8,
        10.42
      ],
      [
        10.76,
        11.11
      ],
      [
        11.11,
        11.36
      ],
      [
        11.36,
        12.09
      ],
      [
        12.09,
        12.38
      ],
      [
        12.38,
        13.27
      ]
    ],
    "disfluency_label": [
      0,
      0,
      0,
      0,
      0,
      0,
      0,
      0,
      1,
      1,
      1,
      1,
      1,
      1,
      1,
      1,
      1,
      1,
      0,
      0
    ],
    "att_based_D_on_src": {
      "interval": [
        [
          2.09,
          4.1
        ],
        [
          8.86,
          9.06
        ],
        [
          9.06,
          9.48
        ]
      ],
      "disfluency_label": [
        0,
        0,
        0,
        1,
        0,
        0,
        0,
        0,
        0,
        0,
        0,
        1,
        1,
        0,
        0,
        0,
        0,
        0,
        0,
        0
      ],
      "f1": 0.30769230769230765,
      "precision": 0.6666666666666666,
      "recall": 0.2,
      "tp": 2,
      "fp": 1,
      "tn": 9,
      "fn": 8
    },
    "hs_based_D_on_src_novc": {
      "interval": [
        [
          0.7,
          2.09
        ],
        [
          2.09,
          4.1
        ]
      ],
      "disfluency_label": [
        0,
        0,
        1,
        1,
        0,
        0,
        0,
        0,
        0,
        0,
        0,
        0,
        0,
        0,
        0,
        0,
        0,
        0,
        0,
        0
      ],
      "f1": 0,
      "precision": 0.0,
      "recall": 0.0,
      "tp": 0,
      "fp": 2,
      "tn": 8,
      "fn": 10
    },
    "zs_based_D_on_src_novc": {
      "interval": [],
      "disfluency_label": [
        0,
        0,
        0,
        0,
        0,
        0,
        0,
        0,
        0,
        0,
        0,
        0,
        0,
        0,
        0,
        0,
        0,
        0,
        0,
        0
      ],
      "f1": 0,
      "precision": 0,
      "recall": 0.0,
      "tp": 0,
      "fp": 0,
      "tn": 10,
      "fn": 10
    },
    "hs_based_D_on_src": {
      "interval": [
        [
          2.09,
          4.1
        ],
        [
          4.1,
          4.59
        ],
        [
          4.59,
          4.61
        ],
        [
          4.61,
          4.89
        ],
        [
          4.89,
          5.05
        ],
        [
          5.05,
          5.48
        ],
        [
          7.26,
          7.97
        ],
        [
          9.8,
          10.42
        ],
        [
          10.76,
          11.11
        ],
        [
          11.11,
          11.36
        ]
      ],
      "disfluency_label": [
        0,
        0,
        0,
        1,
        1,
        1,
        1,
        1,
        1,
        1,
        0,
        0,
        0,
        0,
        1,
        1,
        1,
        0,
        0,
        0
      ],
      "f1": 0.5,
      "precision": 0.5,
      "recall": 0.5,
      "tp": 5,
      "fp": 5,
      "tn": 5,
      "fn": 5
    },
    "zs_based_D_on_src": {
      "interval": [
        [
          5.05,
          5.48
        ],
        [
          9.8,
          10.42
        ]
      ],
      "disfluency_label": [
        0,
        0,
        0,
        0,
        0,
        0,
        0,
        0,
        1,
        0,
        0,
        0,
        0,
        0,
        1,
        0,
        0,
        0,
        0,
        0
      ],
      "f1": 0.33333333333333337,
      "precision": 1.0,
      "recall": 0.2,
      "tp": 2,
      "fp": 0,
      "tn": 10,
      "fn": 8
    },
    "zs_hs_based_D_on_src": {
      "interval": [
        [
          4.1,
          4.59
        ],
        [
          4.59,
          4.61
        ],
        [
          4.61,
          4.89
        ],
        [
          10.76,
          11.11
        ],
        [
          12.38,
          13.27
        ]
      ],
      "disfluency_label": [
        0,
        0,
        0,
        0,
        1,
        1,
        1,
        0,
        0,
        0,
        0,
        0,
        0,
        0,
        0,
        1,
        0,
        0,
        0,
        1
      ],
      "f1": 0.13333333333333333,
      "precision": 0.2,
      "recall": 0.1,
      "tp": 1,
      "fp": 4,
      "tn": 6,
      "fn": 9
    },
    "ASR": {
      "disfluency_label": [
        0,
        0,
        1,
        0,
        1,
        0,
        0,
        0,
        0,
        0,
        0,
        0,
        0,
        0,
        0,
        0,
        0,
        0,
        0,
        0,
        0
      ],
      "f1": 0,
      "precision": 0.0,
      "recall": 0.0,
      "tp": 0,
      "fp": 2,
      "tn": 8,
      "fn": 10
    }
  }
}