{
  "uttid": "0684-0004",
  "words": {
    "sentence": [
      "WATER",
      "FLASHLIGHT",
      "RAIN",
      "GEAR",
      "FIRST",
      "AID",
      "KID",
      "BATTERY",
      "ETC",
      "IN",
      "AN",
      "EMERGENCY",
      "BAG"
    ],
    "interval": [
      [
        0.05,
        0.81
      ],
      [
        0.87,
        1.62
      ],
      [
        1.82,
        2.29
      ],
      [
        2.29,
        6.78
      ],
      [
        6.78,
        7.04
      ],
      [
        7.04,
        7.22
      ],
      [
        7.22,
        7.32
      ],
      [
        7.32,
        7.33
      ],
      [
        7.67,
        8.47
      ],
      [
        9.3,
        9.69
      ],
      [
        9.69,
        10.14
      ],
      [
        10.14,
        10.46
      ],
      [
        10.46,
        11.0
      ]
    ],
    "disfluency_label": [
      0,
      0,
      0,
      1,
      1,
      1,
      1,
      0,
      0,
      0,
      0,
      0,
      0
    ],
    "att_based_D_on_src": {
      "interval": [
        [
          1.82,
          2.29
        ],
        [
          2.29,
          6.78
        ],
        [
          7.67,
          8.47
        ],
        [
          9.69,
          10.14
        ]
      ],
      "disfluency_label": [
        0,
        0,
        1,
        1,
        0,
        0,
        0,
        0,
        1,
        0,
        1,
        0,
        0
      ],
      "f1": 0.25,
      "precision": 0.25,
      "recall": 0.25,
      "tp": 1,
      "fp": 3,
      "tn": 6,
      "fn": 3
    },
    "hs_based_D_on_src_novc": {
      "interval": [
        [
          2.29,
          6.78
        ],
        [
          7.67,
          8.47
        ]
      ],
      "disfluency_label": [
        0,
        0,
        0,
        1,
        0,
        0,
        0,
        0,
        1,
        0,
        0,
        0,
        0
      ],
      "f1": 0.3333333333333333,
      "precision": 0.5,
      "recall": 0.25,
      "tp": 1,
      "fp": 1,
      "tn": 8,
      "fn": 3
    },
    "zs_based_D_on_src_novc": {
      "interval": [
        [
          2.29,
          6.78
        ],
        [
          9.3,
          9.69
        ],
        [
          9.69,
          10.14
        ]
      ],
      "disfluency_label": [
        0,
        0,
        0,
        1,
        0,
        0,
        0,
        0,
        0,
        1,
        1,
        0,
        0
      ],
      "f1": 0.28571428571428575,
      "precision": 0.3333333333333333,
      "recall": 0.25,
      "tp": 1,
      "fp": 2,
      "tn": 7,
      "fn": 3
    },
    "hs_based_D_on_src": {
      "interval": [
        [
          0.05,
          0.81
        ],
        [
          1.82,
          2.29
        ],
        [
          2.29,
          6.78
        ],
        [
          6.78,
          7.04
        ],
        [
          7.04,
          7.22
        ],
        [
          7.22,
          7.32
        ],
        [
          7.67,
          8.47
        ],
        [
          10.46,
          11.0
        ]
      ],
      "disfluency_label": [
        1,
        0,
        1,
        1,
        1,
        1,
        1,
        0,
        1,
        0,
        0,
        0,
        1
      ],
      "f1": 0.6666666666666666,
      "precision": 0.5,
      "recall": 1.0,
      "tp": 4,
      "fp": 4,
      "tn": 5,
      "fn": 0
    },
    "zs_based_D_on_src": {
      "interval": [],
      "disfluency_label": [
        0,
        0,
        0,
        0,
        0,
        0,
        0,
        0,
        0,
        0,
        0,
        0,
        0
      ],
      "f1": 0,
      "precision": 0,
      "recall": 0.0,
      "tp": 0,
      "fp": 0,
      "tn": 9,
      "fn": 4
    },
    "zs_hs_based_D_on_src": {
      "interval": [
        [
          2.29,
          6.78
        ]
      ],
      "disfluency_label": [
        0,
        0,
        0,
        1,
        0,
        0,
        0,
        0,
        0,
        0,
        0,
        0,
        0
      ],
      "f1": 0.4,
      "precision": 1.0,
      "recall": 0.25,
      "tp": 1,
      "fp": 0,
      "tn": 9,
      "fn": 3
    },
    "ASR": {
      "disfluency_label": [
        1,
        1,
        1,
        1,
        1,
        1,
        1,
        1,
        1,
        0,
        0,
        1,
        0,
        0,
        1,
        1
      ],
      "f1": 0.5714285714285715,
      "precision": 0.4,
      "recall": 1.0,
      "tp": 4,
      "fp": 6,
      "tn": 3,
      "fn": 0
    }
  }
}