{
  "uttid": "0692-0001",
  "words": {
    "sentence": [
      "IF",
      "I",
      "USE",
      "CASH",
      "PAYMENT",
      "THIS",
      "IS",
      "TIME",
      "CONSUMING",
      "ANNOYING",
      "TO",
      "GIVE",
      "OUT",
      "CASH"
    ],
    "interval": [
      [
        0.01,
        0.67
      ],
      [
        0.67,
        0.84
      ],
      [
        0.84,
        1.26
      ],
      [
        1.26,
        1.89
      ],
      [
        1.89,
        2.38
      ],
      [
        3.48,
        3.79
      ],
      [
        3.79,
        4.54
      ],
      [
        4.65,
        4.92
      ],
      [
        4.92,
        5.73
      ],
      [
        5.73,
        6.04
      ],
      [
        6.04,
        8.53
      ],
      [
        8.53,
        10.0
      ],
      [
        10.0,
        10.45
      ],
      [
        10.45,
        10.88
      ]
    ],
    "disfluency_label": [
      0,
      0,
      0,
      1,
      1,
      1,
      1,
      1,
      1,
      0,
      0,
      0,
      0,
      1
    ],
    "att_based_D_on_src": {
      "interval": [
        [
          1.89,
          2.38
        ],
        [
          5.73,
          6.04
        ],
        [
          6.04,
          8.53
        ],
        [
          8.53,
          10.0
        ]
      ],
      "disfluency_label": [
        0,
        0,
        0,
        0,
        1,
        0,
        0,
        0,
        0,
        1,
        1,
        1,
        0,
        0
      ],
      "f1": 0.18181818181818182,
      "precision": 0.25,
      "recall": 0.14285714285714285,
      "tp": 1,
      "fp": 3,
      "tn": 4,
      "fn": 6
    },
    "hs_based_D_on_src_novc": {
      "interval": [
        [
          1.26,
          1.89
        ],
        [
          8.53,
          10.0
        ]
      ],
      "disfluency_label": [
        0,
        0,
        0,
        1,
        0,
        0,
        0,
        0,
        0,
        0,
        0,
        1,
        0,
        0
      ],
      "f1": 0.22222222222222224,
      "precision": 0.5,
      "recall": 0.14285714285714285,
      "tp": 1,
      "fp": 1,
      "tn": 6,
      "fn": 6
    },
    "zs_based_D_on_src_novc": {
      "interval": [
        [
          0.01,
          0.67
        ],
        [
          0.67,
          0.84
        ],
        [
          0.84,
          1.26
        ]
      ],
      "disfluency_label": [
        1,
        1,
        1,
        0,
        0,
        0,
        0,
        0,
        0,
        0,
        0,
        0,
        0,
        0
      ],
      "f1": 0,
      "precision": 0.0,
      "recall": 0.0,
      "tp": 0,
      "fp": 3,
      "tn": 4,
      "fn": 7
    },
    "hs_based_D_on_src": {
      "interval": [
        [
          4.92,
          5.73
        ],
        [
          6.04,
          8.53
        ],
        [
          8.53,
          10.0
        ]
      ],
      "disfluency_label": [
        0,
        0,
        0,
        0,
        0,
        0,
        0,
        0,
        1,
        0,
        1,
        1,
        0,
        0
      ],
      "f1": 0.2,
      "precision": 0.3333333333333333,
      "recall": 0.14285714285714285,
      "tp": 1,
      "fp": 2,
      "tn": 5,
      "fn": 6
    },
    "zs_based_D_on_src": {
      "interval": [
        [
          0.84,
          1.26
        ],
        [
          1.26,
          1.89
        ],
        [
          3.48,
          3.79
        ],
        [
          3.79,
          4.54
        ],
        [
          6.04,
          8.53
        ]
      ],
      "disfluency_label": [
        0,
        0,
        1,
        1,
        0,
        1,
        1,
        0,
        0,
        0,
        1,
        0,
        0,
        0
      ],
      "f1": 0.5,
      "precision": 0.6,
      "recall": 0.42857142857142855,
      "tp": 3,
      "fp": 2,
      "tn": 5,
      "fn": 4
    },
    "zs_hs_based_D_on_src": {
      "interval": [
        [
          1.26,
          1.89
        ],
        [
          3.48,
          3.79
        ],
        [
          4.65,
          4.92
        ],
        [
          4.92,
          5.73
        ],
        [
          5.73,
          6.04
        ],
        [
          6.04,
          8.53
        ]
      ],
      "disfluency_label": [
        0,
        0,
        0,
        1,
        0,
        1,
        0,
        1,
        1,
        1,
        1,
        0,
        0,
        0
      ],
      "f1": 0.6153846153846153,
      "precision": 0.6666666666666666,
      "recall": 0.5714285714285714,
      "tp": 4,
      "fp": 2,
      "tn": 5,
      "fn": 3
    },
    "ASR": {
      "disfluency_label": [
        0,
        0,
        0,
        1,
        0,
        0,
        0,
        0,
        0,
        0,
        0,
        0,
        0,
        0,
        0,
        0,
        0
      ],
      "f1": 0.25,
      "precision": 1.0,
      "recall": 0.14285714285714285,
      "tp": 1,
      "fp": 0,
      "tn": 7,
      "fn": 6
    }
  }
}