{
  "uttid": "0692-0002",
  "words": {
    "sentence": [
      "ON",
      "THE",
      "OTHER",
      "HAND",
      "IF",
      "I",
      "USE",
      "PAYMENT",
      "I",
      "CAN",
      "BILL",
      "QUICKLY",
      "AND",
      "NO",
      "NEED",
      "GIVE",
      "OUT",
      "CASH"
    ],
    "interval": [
      [
        0.03,
        0.19
      ],
      [
        0.19,
        0.31
      ],
      [
        0.31,
        0.61
      ],
      [
        0.61,
        1.02
      ],
      [
        1.79,
        5.4
      ],
      [
        5.4,
        5.51
      ],
      [
        5.51,
        6.47
      ],
      [
        6.47,
        6.66
      ],
      [
        6.8,
        6.87
      ],
      [
        6.87,
        6.91
      ],
      [
        6.91,
        6.99
      ],
      [
        6.99,
        7.41
      ],
      [
        7.72,
        8.12
      ],
      [
        8.53,
        8.79
      ],
      [
        8.79,
        9.36
      ],
      [
        9.36,
        9.57
      ],
      [
        9.57,
        9.96
      ],
      [
        9.96,
        10.4
      ]
    ],
    "disfluency_label": [
      0,
      0,
      0,
      1,
      0,
      0,
      0,
      0,
      0,
      0,
      0,
      0,
      0,
      1,
      1,
      0,
      0,
      0
    ],
    "att_based_D_on_src": {
      "interval": [
        [
          1.79,
          5.4
        ],
        [
          8.53,
          8.79
        ],
        [
          8.79,
          9.36
        ]
      ],
      "disfluency_label": [
        0,
        0,
        0,
        0,
        1,
        0,
        0,
        0,
        0,
        0,
        0,
        0,
        0,
        1,
        1,
        0,
        0,
        0
      ],
      "f1": 0.6666666666666666,
      "precision": 0.6666666666666666,
      "recall": 0.6666666666666666,
      "tp": 2,
      "fp": 1,
      "tn": 14,
      "fn": 1
    },
    "hs_based_D_on_src_novc": {
      "interval": [
        [
          1.79,
          5.4
        ]
      ],
      "disfluency_label": [
        0,
        0,
        0,
        0,
        1,
        0,
        0,
        0,
        0,
        0,
        0,
        0,
        0,
        0,
        0,
        0,
        0,
        0
      ],
      "f1": 0,
      "precision": 0.0,
      "recall": 0.0,
      "tp": 0,
      "fp": 1,
      "tn": 14,
      "fn": 3
    },
    "zs_based_D_on_src_novc": {
      "interval": [
        [
          1.79,
          5.4
        ]
      ],
      "disfluency_label": [
        0,
        0,
        0,
        0,
        1,
        0,
        0,
        0,
        0,
        0,
        0,
        0,
        0,
        0,
        0,
        0,
        0,
        0
      ],
      "f1": 0,
      "precision": 0.0,
      "recall": 0.0,
      "tp": 0,
      "fp": 1,
      "tn": 14,
      "fn": 3
    },
    "hs_based_D_on_src": {
      "interval": [
        [
          0.31,
          0.61
        ],
        [
          0.61,
          1.02
        ],
        [
          1.79,
          5.4
        ],
        [
          5.4,
          5.51
        ],
        [
          5.51,
          6.47
        ],
        [
          6.8,
          6.87
        ],
        [
          6.87,
          6.91
        ],
        [
          6.91,
          6.99
        ]
      ],
      "disfluency_label": [
        0,
        0,
        1,
        1,
        1,
        1,
        1,
        0,
        1,
        1,
        1,
        0,
        0,
        0,
        0,
        0,
        0,
        0
      ],
      "f1": 0.18181818181818182,
      "precision": 0.125,
      "recall": 0.3333333333333333,
      "tp": 1,
      "fp": 7,
      "tn": 8,
      "fn": 2
    },
    "zs_based_D_on_src": {
      "interval": [
        [
          0.61,
          1.02
        ],
        [
          1.79,
          5.4
        ],
        [
          5.51,
          6.47
        ],
        [
          8.79,
          9.36
        ],
        [
          9.36,
          9.57
        ],
        [
          9.57,
          9.96
        ],
        [
          9.96,
          10.4
        ]
      ],
      "disfluency_label": [
        0,
        0,
        0,
        1,
        1,
        0,
        1,
        0,
        0,
        0,
        0,
        0,
        0,
        0,
        1,
        1,
        1,
        1
      ],
      "f1": 0.4,
      "precision": 0.2857142857142857,
      "recall": 0.6666666666666666,
      "tp": 2,
      "fp": 5,
      "tn": 10,
      "fn": 1
    },
    "zs_hs_based_D_on_src": {
      "interval": [
        [
          0.31,
          0.61
        ],
        [
          0.61,
          1.02
        ],
        [
          1.79,
          5.4
        ],
        [
          5.51,
          6.47
        ]
      ],
      "disfluency_label": [
        0,
        0,
        1,
        1,
        1,
        0,
        1,
        0,
        0,
        0,
        0,
        0,
        0,
        0,
        0,
        0,
        0,
        0
      ],
      "f1": 0.28571428571428575,
      "precision": 0.25,
      "recall": 0.3333333333333333,
      "tp": 1,
      "fp": 3,
      "tn": 12,
      "fn": 2
    },
    "ASR": {
      "disfluency_label": [
        0,
        0,
        0,
        0,
        0,
        0,
        0,
        1,
        0,
        0,
        0,
        0,
        0,
        1,
        0,
        0,
        0,
        0,
        0,
        0,
        0,
        0
      ],
      "f1": 0.4,
      "precision": 0.5,
      "recall": 0.3333333333333333,
      "tp": 1,
      "fp": 1,
      "tn": 14,
      "fn": 2
    }
  }
}