{
  "uttid": "0693-0002",
  "words": {
    "sentence": [
      "AFTER",
      "A",
      "IN",
      "SOMALIA",
      "IN",
      "NINETEEN",
      "SEVENTY",
      "SEVEN",
      "SMALLPOX",
      "DISAPPEARED",
      "FROM",
      "THE",
      "EARTH"
    ],
    "interval": [
      [
        0.01,
        0.61
      ],
      [
        0.61,
        0.69
      ],
      [
        0.69,
        0.7
      ],
      [
        0.7,
        0.88
      ],
      [
        0.88,
        5.08
      ],
      [
        5.08,
        5.16
      ],
      [
        5.16,
        5.26
      ],
      [
        5.26,
        5.8
      ],
      [
        6.13,
        6.87
      ],
      [
        6.87,
        7.75
      ],
      [
        7.75,
        8.13
      ],
      [
        8.13,
        8.39
      ],
      [
        8.39,
        9.42
      ]
    ],
    "disfluency_label": [
      1,
      1,
      1,
      1,
      1,
      0,
      0,
      0,
      0,
      1,
      0,
      0,
      1
    ],
    "att_based_D_on_src": {
      "interval": [
        [
          0.88,
          5.08
        ],
        [
          5.08,
          5.16
        ],
        [
          5.16,
          5.26
        ]
      ],
      "disfluency_label": [
        0,
        0,
        0,
        0,
        1,
        1,
        1,
        0,
        0,
        0,
        0,
        0,
        0
      ],
      "f1": 0.2,
      "precision": 0.3333333333333333,
      "recall": 0.14285714285714285,
      "tp": 1,
      "fp": 2,
      "tn": 4,
      "fn": 6
    },
    "hs_based_D_on_src_novc": {
      "interval": [
        [
          0.88,
          5.08
        ],
        [
          5.08,
          5.16
        ]
      ],
      "disfluency_label": [
        0,
        0,
        0,
        0,
        1,
        1,
        0,
        0,
        0,
        0,
        0,
        0,
        0
      ],
      "f1": 0.22222222222222224,
      "precision": 0.5,
      "recall": 0.14285714285714285,
      "tp": 1,
      "fp": 1,
      "tn": 5,
      "fn": 6
    },
    "zs_based_D_on_src_novc": {
      "interval": [
        [
          0.88,
          5.08
        ],
        [
          5.26,
          5.8
        ]
      ],
      "disfluency_label": [
        0,
        0,
        0,
        0,
        1,
        0,
        0,
        1,
        0,
        0,
        0,
        0,
        0
      ],
      "f1": 0.22222222222222224,
      "precision": 0.5,
      "recall": 0.14285714285714285,
      "tp": 1,
      "fp": 1,
      "tn": 5,
      "fn": 6
    },
    "hs_based_D_on_src": {
      "interval": [
        [
          0.01,
          0.61
        ],
        [
          0.7,
          0.88
        ],
        [
          0.88,
          5.08
        ],
        [
          5.16,
          5.26
        ],
        [
          5.26,
          5.8
        ],
        [
          6.13,
          6.87
        ],
        [
          6.87,
          7.75
        ],
        [
          7.75,
          8.13
        ],
        [
          8.13,
          8.39
        ],
        [
          8.39,
          9.42
        ]
      ],
      "disfluency_label": [
        1,
        0,
        0,
        1,
        1,
        0,
        1,
        1,
        1,
        1,
        1,
        1,
        1
      ],
      "f1": 0.588235294117647,
      "precision": 0.5,
      "recall": 0.7142857142857143,
      "tp": 5,
      "fp": 5,
      "tn": 1,
      "fn": 2
    },
    "zs_based_D_on_src": {
      "interval": [
        [
          0.01,
          0.61
        ],
        [
          0.61,
          0.69
        ],
        [
          0.69,
          0.7
        ],
        [
          0.7,
          0.88
        ],
        [
          0.88,
          5.08
        ],
        [
          6.13,
          6.87
        ],
        [
          6.87,
          7.75
        ],
        [
          7.75,
          8.13
        ],
        [
          8.13,
          8.39
        ]
      ],
      "disfluency_label": [
        1,
        1,
        1,
        1,
        1,
        0,
        0,
        0,
        1,
        1,
        1,
        1,
        0
      ],
      "f1": 0.75,
      "precision": 0.6666666666666666,
      "recall": 0.8571428571428571,
      "tp": 6,
      "fp": 3,
      "tn": 3,
      "fn": 1
    },
    "zs_hs_based_D_on_src": {
      "interval": [
        [
          0.88,
          5.08
        ],
        [
          5.08,
          5.16
        ],
        [
          5.16,
          5.26
        ],
        [
          5.26,
          5.8
        ],
        [
          6.87,
          7.75
        ]
      ],
      "disfluency_label": [
        0,
        0,
        0,
        0,
        1,
        1,
        1,
        1,
        0,
        1,
        0,
        0,
        0
      ],
      "f1": 0.3333333333333333,
      "precision": 0.4,
      "recall": 0.2857142857142857,
      "tp": 2,
      "fp": 3,
      "tn": 3,
      "fn": 5
    },
    "ASR": {
      "disfluency_label": [
        0,
        0,
        0,
        0,
        0,
        1,
        0,
        0,
        0,
        0,
        1,
        1,
        1,
        0,
        1
      ],
      "f1": 0.18181818181818182,
      "precision": 0.25,
      "recall": 0.14285714285714285,
      "tp": 1,
      "fp": 3,
      "tn": 3,
      "fn": 6
    }
  }
}