{
  "uttid": "0694-0001",
  "words": {
    "sentence": [
      "ACCORDING",
      "TO",
      "THE",
      "STUDY",
      "FROM",
      "MINISTRY",
      "OF",
      "EDUCATION",
      "OVERUSE",
      "DUE",
      "TO",
      "LACK",
      "OF",
      "SLEEP",
      "AND",
      "SO",
      "ON"
    ],
    "interval": [
      [
        0.03,
        0.61
      ],
      [
        0.61,
        3.43
      ],
      [
        3.43,
        3.6
      ],
      [
        3.6,
        3.96
      ],
      [
        3.96,
        12.82
      ],
      [
        12.82,
        14.02
      ],
      [
        14.02,
        14.06
      ],
      [
        14.06,
        14.07
      ],
      [
        14.07,
        14.21
      ],
      [
        14.21,
        14.34
      ],
      [
        14.34,
        14.4
      ],
      [
        14.4,
        14.78
      ],
      [
        14.78,
        14.99
      ],
      [
        14.99,
        15.5
      ],
      [
        16.04,
        16.29
      ],
      [
        16.29,
        16.6
      ],
      [
        16.6,
        18.16
      ]
    ],
    "disfluency_label": [
      0,
      0,
      1,
      1,
      1,
      1,
      1,
      1,
      1,
      1,
      0,
      1,
      1,
      0,
      1,
      0,
      0
    ],
    "att_based_D_on_src": {
      "interval": [
        [
          0.61,
          3.43
        ],
        [
          3.96,
          12.82
        ]
      ],
      "disfluency_label": [
        0,
        1,
        0,
        0,
        1,
        0,
        0,
        0,
        0,
        0,
        0,
        0,
        0,
        0,
        0,
        0,
        0
      ],
      "f1": 0.15384615384615385,
      "precision": 0.5,
      "recall": 0.09090909090909091,
      "tp": 1,
      "fp": 1,
      "tn": 5,
      "fn": 10
    },
    "hs_based_D_on_src_novc": {
      "interval": [
        [
          3.96,
          12.82
        ],
        [
          12.82,
          14.02
        ]
      ],
      "disfluency_label": [
        0,
        0,
        0,
        0,
        1,
        1,
        0,
        0,
        0,
        0,
        0,
        0,
        0,
        0,
        0,
        0,
        0
      ],
      "f1": 0.3076923076923077,
      "precision": 1.0,
      "recall": 0.18181818181818182,
      "tp": 2,
      "fp": 0,
      "tn": 6,
      "fn": 9
    },
    "zs_based_D_on_src_novc": {
      "interval": [
        [
          3.96,
          12.82
        ]
      ],
      "disfluency_label": [
        0,
        0,
        0,
        0,
        1,
        0,
        0,
        0,
        0,
        0,
        0,
        0,
        0,
        0,
        0,
        0,
        0
      ],
      "f1": 0.16666666666666669,
      "precision": 1.0,
      "recall": 0.09090909090909091,
      "tp": 1,
      "fp": 0,
      "tn": 6,
      "fn": 10
    },
    "hs_based_D_on_src": {
      "interval": [
        [
          0.61,
          3.43
        ],
        [
          3.96,
          12.82
        ],
        [
          12.82,
          14.02
        ],
        [
          14.21,
          14.34
        ],
        [
          14.34,
          14.4
        ],
        [
          14.4,
          14.78
        ],
        [
          14.99,
          15.5
        ],
        [
          16.6,
          18.16
        ]
      ],
      "disfluency_label": [
        0,
        1,
        0,
        0,
        1,
        1,
        0,
        0,
        0,
        1,
        1,
        1,
        0,
        1,
        0,
        0,
        1
      ],
      "f1": 0.4210526315789474,
      "precision": 0.5,
      "recall": 0.36363636363636365,
      "tp": 4,
      "fp": 4,
      "tn": 2,
      "fn": 7
    },
    "zs_based_D_on_src": {
      "interval": [
        [
          3.96,
          12.82
        ],
        [
          14.99,
          15.5
        ],
        [
          16.6,
          18.16
        ]
      ],
      "disfluency_label": [
        0,
        0,
        0,
        0,
        1,
        0,
        0,
        0,
        0,
        0,
        0,
        0,
        0,
        1,
        0,
        0,
        1
      ],
      "f1": 0.14285714285714288,
      "precision": 0.3333333333333333,
      "recall": 0.09090909090909091,
      "tp": 1,
      "fp": 2,
      "tn": 4,
      "fn": 10
    },
    "zs_hs_based_D_on_src": {
      "interval": [
        [
          3.96,
          12.82
        ],
        [
          14.07,
          14.21
        ],
        [
          14.21,
          14.34
        ],
        [
          14.99,
          15.5
        ],
        [
          16.04,
          16.29
        ],
        [
          16.6,
          18.16
        ]
      ],
      "disfluency_label": [
        0,
        0,
        0,
        0,
        1,
        0,
        0,
        0,
        1,
        1,
        0,
        0,
        0,
        1,
        1,
        0,
        1
      ],
      "f1": 0.4705882352941177,
      "precision": 0.6666666666666666,
      "recall": 0.36363636363636365,
      "tp": 4,
      "fp": 2,
      "tn": 4,
      "fn": 7
    },
    "ASR": {
      "disfluency_label": [
        0,
        0,
        0,
        0,
        0,
        0,
        0,
        0,
        1,
        0,
        1,
        1,
        0,
        0,
        0,
        0,
        0,
        0,
        0,
        1,
        0,
        0,
        0,
        0,
        0,
        0,
        0,
        0
      ],
      "f1": 0.28571428571428575,
      "precision": 0.6666666666666666,
      "recall": 0.18181818181818182,
      "tp": 2,
      "fp": 1,
      "tn": 5,
      "fn": 9
    }
  }
}