{
  "uttid": "0703-0004",
  "words": {
    "sentence": [
      "SO",
      "SADLY",
      "THAT",
      "THE",
      "LION",
      "LET",
      "HIM",
      "GO"
    ],
    "interval": [
      [
        0.02,
        0.36
      ],
      [
        0.36,
        1.12
      ],
      [
        1.14,
        1.46
      ],
      [
        1.46,
        1.93
      ],
      [
        1.93,
        2.45
      ],
      [
        2.45,
        2.69
      ],
      [
        2.69,
        2.86
      ],
      [
        2.86,
        3.12
      ]
    ],
    "disfluency_label": [
      0,
      1,
      0,
      0,
      0,
      0,
      0,
      0
    ],
    "att_based_D_on_src": {
      "interval": [
        [
          0.36,
          1.12
        ]
      ],
      "disfluency_label": [
        0,
        1,
        0,
        0,
        0,
        0,
        0,
        0
      ],
      "f1": 1.0,
      "precision": 1.0,
      "recall": 1.0,
      "tp": 1,
      "fp": 0,
      "tn": 7,
      "fn": 0
    },
    "hs_based_D_on_src_novc": {
      "interval": [
        [
          0.36,
          1.12
        ],
        [
          1.14,
          1.46
        ],
        [
          1.46,
          1.93
        ],
        [
          2.45,
          2.69
        ],
        [
          2.69,
          2.86
        ],
        [
          2.86,
          3.12
        ]
      ],
      "disfluency_label": [
        0,
        1,
        1,
        1,
        0,
        1,
        1,
        1
      ],
      "f1": 0.2857142857142857,
      "precision": 0.16666666666666666,
      "recall": 1.0,
      "tp": 1,
      "fp": 5,
      "tn": 2,
      "fn": 0
    },
    "zs_based_D_on_src_novc": {
      "interval": [
        [
          0.36,
          1.12
        ],
        [
          1.46,
          1.93
        ],
        [
          1.93,
          2.45
        ],
        [
          2.45,
          2.69
        ],
        [
          2.69,
          2.86
        ],
        [
          2.86,
          3.12
        ]
      ],
      "disfluency_label": [
        0,
        1,
        0,
        1,
        1,
        1,
        1,
        1
      ],
      "f1": 0.2857142857142857,
      "precision": 0.16666666666666666,
      "recall": 1.0,
      "tp": 1,
      "fp": 5,
      "tn": 2,
      "fn": 0
    },
    "hs_based_D_on_src": {
      "interval": [],
      "disfluency_label": [
        0,
        0,
        0,
        0,
        0,
        0,
        0,
        0
      ],
      "f1": 0,
      "precision": 0,
      "recall": 0.0,
      "tp": 0,
      "fp": 0,
      "tn": 7,
      "fn": 1
    },
    "zs_based_D_on_src": {
      "interval": [],
      "disfluency_label": [
        0,
        0,
        0,
        0,
        0,
        0,
        0,
        0
      ],
      "f1": 0,
      "precision": 0,
      "recall": 0.0,
      "tp": 0,
      "fp": 0,
      "tn": 7,
      "fn": 1
    },
    "zs_hs_based_D_on_src": {
      "interval": [
        [
          0.36,
          1.12
        ],
        [
          2.69,
          2.86
        ],
        [
          2.86,
          3.12
        ]
      ],
      "disfluency_label": [
        0,
        1,
        0,
        0,
        0,
        0,
        1,
        1
      ],
      "f1": 0.5,
      "precision": 0.3333333333333333,
      "recall": 1.0,
      "tp": 1,
      "fp": 2,
      "tn": 5,
      "fn": 0
    },
    "ASR": {
      "disfluency_label": [
        0,
        0,
        0,
        0,
        0,
        0,
        0,
        0
      ],
      "f1": 0,
      "precision": 0,
      "recall": 0.0,
      "tp": 0,
      "fp": 0,
      "tn": 7,
      "fn": 1
    }
  }
}