{
  "uttid": "0703-0002",
  "words": {
    "sentence": [
      "THE",
      "LION",
      "WAS",
      "UPSET",
      "AND",
      "LAY",
      "HIS",
      "PAW",
      "ON",
      "ONE",
      "OF",
      "THE",
      "MICE"
    ],
    "interval": [
      [
        0.02,
        0.31
      ],
      [
        0.31,
        0.72
      ],
      [
        0.72,
        1.0
      ],
      [
        1.0,
        1.62
      ],
      [
        1.62,
        2.06
      ],
      [
        2.06,
        2.25
      ],
      [
        2.25,
        2.56
      ],
      [
        2.56,
        2.82
      ],
      [
        2.82,
        3.29
      ],
      [
        3.29,
        3.48
      ],
      [
        3.48,
        3.69
      ],
      [
        3.69,
        3.77
      ],
      [
        3.77,
        4.35
      ]
    ],
    "disfluency_label": [
      1,
      0,
      0,
      0,
      0,
      0,
      0,
      1,
      0,
      0,
      0,
      1,
      0
    ],
    "att_based_D_on_src": {
      "interval": [
        [
          2.82,
          3.29
        ]
      ],
      "disfluency_label": [
        0,
        0,
        0,
        0,
        0,
        0,
        0,
        0,
        1,
        0,
        0,
        0,
        0
      ],
      "f1": 0,
      "precision": 0.0,
      "recall": 0.0,
      "tp": 0,
      "fp": 1,
      "tn": 9,
      "fn": 3
    },
    "hs_based_D_on_src_novc": {
      "interval": [
        [
          2.25,
          2.56
        ],
        [
          2.56,
          2.82
        ],
        [
          2.82,
          3.29
        ]
      ],
      "disfluency_label": [
        0,
        0,
        0,
        0,
        0,
        0,
        1,
        1,
        1,
        0,
        0,
        0,
        0
      ],
      "f1": 0.3333333333333333,
      "precision": 0.3333333333333333,
      "recall": 0.3333333333333333,
      "tp": 1,
      "fp": 2,
      "tn": 8,
      "fn": 2
    },
    "zs_based_D_on_src_novc": {
      "interval": [],
      "disfluency_label": [
        0,
        0,
        0,
        0,
        0,
        0,
        0,
        0,
        0,
        0,
        0,
        0,
        0
      ],
      "f1": 0,
      "precision": 0,
      "recall": 0.0,
      "tp": 0,
      "fp": 0,
      "tn": 10,
      "fn": 3
    },
    "hs_based_D_on_src": {
      "interval": [
        [
          0.31,
          0.72
        ],
        [
          0.72,
          1.0
        ],
        [
          1.62,
          2.06
        ],
        [
          2.06,
          2.25
        ],
        [
          2.25,
          2.56
        ],
        [
          2.56,
          2.82
        ],
        [
          2.82,
          3.29
        ],
        [
          3.29,
          3.48
        ],
        [
          3.77,
          4.35
        ]
      ],
      "disfluency_label": [
        0,
        1,
        1,
        0,
        1,
        1,
        1,
        1,
        1,
        1,
        0,
        0,
        1
      ],
      "f1": 0.16666666666666666,
      "precision": 0.1111111111111111,
      "recall": 0.3333333333333333,
      "tp": 1,
      "fp": 8,
      "tn": 2,
      "fn": 2
    },
    "zs_based_D_on_src": {
      "interval": [
        [
          0.31,
          0.72
        ],
        [
          0.72,
          1.0
        ],
        [
          2.82,
          3.29
        ],
        [
          3.29,
          3.48
        ],
        [
          3.48,
          3.69
        ],
        [
          3.77,
          4.35
        ]
      ],
      "disfluency_label": [
        0,
        1,
        1,
        0,
        0,
        0,
        0,
        0,
        1,
        1,
        1,
        0,
        1
      ],
      "f1": 0,
      "precision": 0.0,
      "recall": 0.0,
      "tp": 0,
      "fp": 6,
      "tn": 4,
      "fn": 3
    },
    "zs_hs_based_D_on_src": {
      "interval": [
        [
          2.06,
          2.25
        ],
        [
          2.25,
          2.56
        ]
      ],
      "disfluency_label": [
        0,
        0,
        0,
        0,
        0,
        1,
        1,
        0,
        0,
        0,
        0,
        0,
        0
      ],
      "f1": 0,
      "precision": 0.0,
      "recall": 0.0,
      "tp": 0,
      "fp": 2,
      "tn": 8,
      "fn": 3
    },
    "ASR": {
      "disfluency_label": [
        0,
        0,
        0,
        0,
        0,
        1,
        0,
        0,
        0,
        0,
        0,
        0,
        0
      ],
      "f1": 0,
      "precision": 0.0,
      "recall": 0.0,
      "tp": 0,
      "fp": 1,
      "tn": 9,
      "fn": 3
    }
  }
}