{
  "uttid": "0704-0001",
  "words": {
    "sentence": [
      "THIS",
      "TIME",
      "I'LL",
      "TALK",
      "ABOUT",
      "THE",
      "SUBJECT",
      "STUDY",
      "ABROAD",
      "AND",
      "WHAT",
      "I",
      "WANT",
      "TO",
      "EXPERIENCE",
      "IN",
      "THE",
      "COUNTRY",
      "WHERE",
      "I",
      "STUDY",
      "ABROAD"
    ],
    "interval": [
      [
        0.01,
        0.27
      ],
      [
        0.27,
        1.04
      ],
      [
        1.36,
        1.74
      ],
      [
        1.74,
        1.91
      ],
      [
        1.91,
        2.05
      ],
      [
        2.05,
        2.06
      ],
      [
        2.06,
        2.08
      ],
      [
        2.08,
        2.12
      ],
      [
        2.12,
        2.28
      ],
      [
        2.28,
        2.29
      ],
      [
        2.29,
        4.92
      ],
      [
        4.92,
        7.03
      ],
      [
        7.03,
        9.43
      ],
      [
        9.43,
        9.55
      ],
      [
        9.55,
        10.56
      ],
      [
        10.58,
        10.8
      ],
      [
        10.8,
        10.95
      ],
      [
        10.95,
        11.93
      ],
      [
        11.93,
        12.37
      ],
      [
        12.37,
        12.5
      ],
      [
        12.5,
        12.91
      ],
      [
        12.91,
        13.46
      ]
    ],
    "disfluency_label": [
      0,
      0,
      0,
      0,
      1,
      1,
      1,
      1,
      1,
      1,
      1,
      1,
      0,
      0,
      0,
      0,
      1,
      0,
      0,
      1,
      1,
      1
    ],
    "att_based_D_on_src": {
      "interval": [
        [
          2.29,
          4.92
        ],
        [
          12.5,
          12.91
        ]
      ],
      "disfluency_label": [
        0,
        0,
        0,
        0,
        0,
        0,
        0,
        0,
        0,
        0,
        1,
        0,
        0,
        0,
        0,
        0,
        0,
        0,
        0,
        0,
        1,
        0
      ],
      "f1": 0.2857142857142857,
      "precision": 1.0,
      "recall": 0.16666666666666666,
      "tp": 2,
      "fp": 0,
      "tn": 10,
      "fn": 10
    },
    "hs_based_D_on_src_novc": {
      "interval": [
        [
          0.27,
          1.04
        ],
        [
          1.36,
          1.74
        ],
        [
          1.74,
          1.91
        ],
        [
          1.91,
          2.05
        ],
        [
          4.92,
          7.03
        ]
      ],
      "disfluency_label": [
        0,
        1,
        1,
        1,
        1,
        0,
        0,
        0,
        0,
        0,
        0,
        1,
        0,
        0,
        0,
        0,
        0,
        0,
        0,
        0,
        0,
        0
      ],
      "f1": 0.23529411764705882,
      "precision": 0.4,
      "recall": 0.16666666666666666,
      "tp": 2,
      "fp": 3,
      "tn": 7,
      "fn": 10
    },
    "zs_based_D_on_src_novc": {
      "interval": [
        [
          1.74,
          1.91
        ],
        [
          1.91,
          2.05
        ],
        [
          10.95,
          11.93
        ]
      ],
      "disfluency_label": [
        0,
        0,
        0,
        1,
        1,
        0,
        0,
        0,
        0,
        0,
        0,
        0,
        0,
        0,
        0,
        0,
        0,
        1,
        0,
        0,
        0,
        0
      ],
      "f1": 0.13333333333333333,
      "precision": 0.3333333333333333,
      "recall": 0.08333333333333333,
      "tp": 1,
      "fp": 2,
      "tn": 8,
      "fn": 11
    },
    "hs_based_D_on_src": {
      "interval": [
        [
          1.36,
          1.74
        ],
        [
          1.74,
          1.91
        ],
        [
          1.91,
          2.05
        ],
        [
          2.05,
          2.06
        ],
        [
          2.06,
          2.08
        ],
        [
          2.08,
          2.12
        ],
        [
          2.12,
          2.28
        ],
        [
          2.28,
          2.29
        ],
        [
          2.29,
          4.92
        ],
        [
          4.92,
          7.03
        ],
        [
          7.03,
          9.43
        ],
        [
          9.43,
          9.55
        ],
        [
          9.55,
          10.56
        ],
        [
          10.58,
          10.8
        ],
        [
          10.8,
          10.95
        ],
        [
          10.95,
          11.93
        ],
        [
          12.5,
          12.91
        ]
      ],
      "disfluency_label": [
        0,
        0,
        1,
        1,
        1,
        1,
        1,
        1,
        1,
        1,
        1,
        1,
        1,
        1,
        1,
        1,
        1,
        1,
        0,
        0,
        1,
        0
      ],
      "f1": 0.6896551724137931,
      "precision": 0.5882352941176471,
      "recall": 0.8333333333333334,
      "tp": 10,
      "fp": 7,
      "tn": 3,
      "fn": 2
    },
    "zs_based_D_on_src": {
      "interval": [
        [
          1.36,
          1.74
        ],
        [
          1.74,
          1.91
        ],
        [
          1.91,
          2.05
        ],
        [
          2.29,
          4.92
        ],
        [
          4.92,
          7.03
        ],
        [
          7.03,
          9.43
        ],
        [
          9.55,
          10.56
        ],
        [
          10.8,
          10.95
        ],
        [
          10.95,
          11.93
        ],
        [
          12.37,
          12.5
        ],
        [
          12.5,
          12.91
        ]
      ],
      "disfluency_label": [
        0,
        0,
        1,
        1,
        1,
        0,
        0,
        0,
        0,
        0,
        1,
        1,
        1,
        0,
        1,
        0,
        1,
        1,
        0,
        1,
        1,
        0
      ],
      "f1": 0.5217391304347826,
      "precision": 0.5454545454545454,
      "recall": 0.5,
      "tp": 6,
      "fp": 5,
      "tn": 5,
      "fn": 6
    },
    "zs_hs_based_D_on_src": {
      "interval": [
        [
          0.27,
          1.04
        ],
        [
          1.36,
          1.74
        ],
        [
          1.74,
          1.91
        ],
        [
          1.91,
          2.05
        ],
        [
          2.05,
          2.06
        ],
        [
          2.06,
          2.08
        ],
        [
          2.08,
          2.12
        ],
        [
          2.12,
          2.28
        ],
        [
          2.28,
          2.29
        ],
        [
          2.29,
          4.92
        ],
        [
          4.92,
          7.03
        ],
        [
          7.03,
          9.43
        ],
        [
          9.43,
          9.55
        ],
        [
          9.55,
          10.56
        ],
        [
          10.58,
          10.8
        ],
        [
          10.8,
          10.95
        ],
        [
          10.95,
          11.93
        ],
        [
          12.5,
          12.91
        ],
        [
          12.91,
          13.46
        ]
      ],
      "disfluency_label": [
        0,
        1,
        1,
        1,
        1,
        1,
        1,
        1,
        1,
        1,
        1,
        1,
        1,
        1,
        1,
        1,
        1,
        1,
        0,
        0,
        1,
        1
      ],
      "f1": 0.7096774193548387,
      "precision": 0.5789473684210527,
      "recall": 0.9166666666666666,
      "tp": 11,
      "fp": 8,
      "tn": 2,
      "fn": 1
    },
    "ASR": {
      "disfluency_label": [
        0,
        0,
        1,
        0,
        0,
        0,
        0,
        0,
        0,
        0,
        0,
        0,
        0,
        0,
        0,
        0,
        0,
        0,
        0,
        0,
        0,
        0,
        0,
        0,
        0,
        0,
        0
      ],
      "f1": 0,
      "precision": 0.0,