{
  "uttid": "0705-0000",
  "words": {
    "sentence": [
      "ALSO",
      "NEWS",
      "OF",
      "TWITTER",
      "INFORMATION",
      "OF",
      "THE",
      "WORLD",
      "QUICKLY"
    ],
    "interval": [
      [
        0.0,
        0.64
      ],
      [
        1.25,
        1.59
      ],
      [
        1.59,
        2.11
      ],
      [
        2.11,
        2.55
      ],
      [
        2.55,
        3.95
      ],
      [
        3.95,
        5.6
      ],
      [
        5.6,
        5.63
      ],
      [
        5.63,
        7.53
      ],
      [
        7.53,
        8.39
      ]
    ],
    "disfluency_label": [
      0,
      0,
      1,
      1,
      0,
      1,
      0,
      0,
      0
    ],
    "att_based_D_on_src": {
      "interval": [
        [
          1.59,
          2.11
        ],
        [
          2.11,
          2.55
        ],
        [
          2.55,
          3.95
        ],
        [
          3.95,
          5.6
        ],
        [
          5.63,
          7.53
        ],
        [
          7.53,
          8.39
        ]
      ],
      "disfluency_label": [
        0,
        0,
        1,
        1,
        1,
        1,
        0,
        1,
        1
      ],
      "f1": 0.6666666666666666,
      "precision": 0.5,
      "recall": 1.0,
      "tp": 3,
      "fp": 3,
      "tn": 3,
      "fn": 0
    },
    "hs_based_D_on_src_novc": {
      "interval": [
        [
          2.11,
          2.55
        ],
        [
          2.55,
          3.95
        ],
        [
          3.95,
          5.6
        ],
        [
          5.6,
          5.63
        ],
        [
          5.63,
          7.53
        ],
        [
          7.53,
          8.39
        ]
      ],
      "disfluency_label": [
        0,
        0,
        0,
        1,
        1,
        1,
        1,
        1,
        1
      ],
      "f1": 0.4444444444444444,
      "precision": 0.3333333333333333,
      "recall": 0.6666666666666666,
      "tp": 2,
      "fp": 4,
      "tn": 2,
      "fn": 1
    },
    "zs_based_D_on_src_novc": {
      "interval": [
        [
          0.0,
          0.64
        ],
        [
          1.25,
          1.59
        ],
        [
          1.59,
          2.11
        ],
        [
          2.11,
          2.55
        ],
        [
          2.55,
          3.95
        ],
        [
          3.95,
          5.6
        ],
        [
          5.6,
          5.63
        ],
        [
          5.63,
          7.53
        ],
        [
          7.53,
          8.39
        ]
      ],
      "disfluency_label": [
        1,
        1,
        1,
        1,
        1,
        1,
        1,
        1,
        1
      ],
      "f1": 0.5,
      "precision": 0.3333333333333333,
      "recall": 1.0,
      "tp": 3,
      "fp": 6,
      "tn": 0,
      "fn": 0
    },
    "hs_based_D_on_src": {
      "interval": [
        [
          1.25,
          1.59
        ],
        [
          1.59,
          2.11
        ],
        [
          2.11,
          2.55
        ],
        [
          2.55,
          3.95
        ]
      ],
      "disfluency_label": [
        0,
        1,
        1,
        1,
        1,
        0,
        0,
        0,
        0
      ],
      "f1": 0.5714285714285715,
      "precision": 0.5,
      "recall": 0.6666666666666666,
      "tp": 2,
      "fp": 2,
      "tn": 4,
      "fn": 1
    },
    "zs_based_D_on_src": {
      "interval": [
        [
          1.25,
          1.59
        ],
        [
          1.59,
          2.11
        ]
      ],
      "disfluency_label": [
        0,
        1,
        1,
        0,
        0,
        0,
        0,
        0,
        0
      ],
      "f1": 0.4,
      "precision": 0.5,
      "recall": 0.3333333333333333,
      "tp": 1,
      "fp": 1,
      "tn": 5,
      "fn": 2
    },
    "zs_hs_based_D_on_src": {
      "interval": [
        [
          2.55,
          3.95
        ],
        [
          3.95,
          5.6
        ],
        [
          5.63,
          7.53
        ],
        [
          7.53,
          8.39
        ]
      ],
      "disfluency_label": [
        0,
        0,
        0,
        0,
        1,
        1,
        0,
        1,
        1
      ],
      "f1": 0.28571428571428575,
      "precision": 0.25,
      "recall": 0.3333333333333333,
      "tp": 1,
      "fp": 3,
      "tn": 3,
      "fn": 2
    },
    "ASR": {
      "disfluency_label": [
        0,
        0,
        0,
        1,
        0,
        0,
        1,
        1,
        1,
        1
      ],
      "f1": 0.28571428571428575,
      "precision": 0.25,
      "recall": 0.3333333333333333,
      "tp": 1,
      "fp": 3,
      "tn": 3,
      "fn": 2
    }
  }
}