{
  "uttid": "0707-0001",
  "words": {
    "sentence": [
      "YOU",
      "DO",
      "NOT",
      "NEED",
      "TO",
      "WANDER",
      "AROUND",
      "LIBRARIES",
      "TO",
      "SEEK",
      "WHAT",
      "YOU'RE",
      "LOOKING",
      "FOR"
    ],
    "interval": [
      [
        0.02,
        0.18
      ],
      [
        0.18,
        0.26
      ],
      [
        0.26,
        0.56
      ],
      [
        0.56,
        0.81
      ],
      [
        0.81,
        0.99
      ],
      [
        0.99,
        1.5
      ],
      [
        1.5,
        1.74
      ],
      [
        1.74,
        2.68
      ],
      [
        2.68,
        2.98
      ],
      [
        2.98,
        3.32
      ],
      [
        3.32,
        3.56
      ],
      [
        3.56,
        3.65
      ],
      [
        3.65,
        3.96
      ],
      [
        3.96,
        4.19
      ]
    ],
    "disfluency_label": [
      0,
      0,
      0,
      0,
      0,
      0,
      1,
      0,
      0,
      1,
      1,
      0,
      0,
      0
    ],
    "att_based_D_on_src": {
      "interval": [
        [
          1.74,
          2.68
        ],
        [
          2.98,
          3.32
        ],
        [
          3.96,
          4.19
        ]
      ],
      "disfluency_label": [
        0,
        0,
        0,
        0,
        0,
        0,
        0,
        1,
        0,
        1,
        0,
        0,
        0,
        1
      ],
      "f1": 0.3333333333333333,
      "precision": 0.3333333333333333,
      "recall": 0.3333333333333333,
      "tp": 1,
      "fp": 2,
      "tn": 9,
      "fn": 2
    },
    "hs_based_D_on_src_novc": {
      "interval": [
        [
          2.98,
          3.32
        ]
      ],
      "disfluency_label": [
        0,
        0,
        0,
        0,
        0,
        0,
        0,
        0,
        0,
        1,
        0,
        0,
        0,
        0
      ],
      "f1": 0.5,
      "precision": 1.0,
      "recall": 0.3333333333333333,
      "tp": 1,
      "fp": 0,
      "tn": 11,
      "fn": 2
    },
    "zs_based_D_on_src_novc": {
      "interval": [
        [
          1.74,
          2.68
        ],
        [
          2.68,
          2.98
        ],
        [
          2.98,
          3.32
        ],
        [
          3.32,
          3.56
        ]
      ],
      "disfluency_label": [
        0,
        0,
        0,
        0,
        0,
        0,
        0,
        1,
        1,
        1,
        1,
        0,
        0,
        0
      ],
      "f1": 0.5714285714285715,
      "precision": 0.5,
      "recall": 0.6666666666666666,
      "tp": 2,
      "fp": 2,
      "tn": 9,
      "fn": 1
    },
    "hs_based_D_on_src": {
      "interval": [
        [
          2.98,
          3.32
        ]
      ],
      "disfluency_label": [
        0,
        0,
        0,
        0,
        0,
        0,
        0,
        0,
        0,
        1,
        0,
        0,
        0,
        0
      ],
      "f1": 0.5,
      "precision": 1.0,
      "recall": 0.3333333333333333,
      "tp": 1,
      "fp": 0,
      "tn": 11,
      "fn": 2
    },
    "zs_based_D_on_src": {
      "interval": [
        [
          1.74,
          2.68
        ],
        [
          2.68,
          2.98
        ],
        [
          2.98,
          3.32
        ],
        [
          3.32,
          3.56
        ]
      ],
      "disfluency_label": [
        0,
        0,
        0,
        0,
        0,
        0,
        0,
        1,
        1,
        1,
        1,
        0,
        0,
        0
      ],
      "f1": 0.5714285714285715,
      "precision": 0.5,
      "recall": 0.6666666666666666,
      "tp": 2,
      "fp": 2,
      "tn": 9,
      "fn": 1
    },
    "zs_hs_based_D_on_src": {
      "interval": [
        [
          2.68,
          2.98
        ],
        [
          2.98,
          3.32
        ],
        [
          3.32,
          3.56
        ]
      ],
      "disfluency_label": [
        0,
        0,
        0,
        0,
        0,
        0,
        0,
        0,
        1,
        1,
        1,
        0,
        0,
        0
      ],
      "f1": 0.6666666666666666,
      "precision": 0.6666666666666666,
      "recall": 0.6666666666666666,
      "tp": 2,
      "fp": 1,
      "tn": 10,
      "fn": 1
    },
    "ASR": {
      "disfluency_label": [
        0,
        0,
        0,
        0,
        0,
        0,
        0,
        0,
        0,
        0,
        0,
        1,
        0,
        0
      ],
      "f1": 0,
      "precision": 0.0,
      "recall": 0.0,
      "tp": 0,
      "fp": 1,
      "tn": 10,
      "fn": 3
    }
  }
}