{
  "uttid": "0710-0001",
  "words": {
    "sentence": [
      "ACTUALLY",
      "MY",
      "OLDER",
      "SISTER",
      "IS",
      "LIVING",
      "IN",
      "VANCOUVER"
    ],
    "interval": [
      [
        0.03,
        0.83
      ],
      [
        1.46,
        1.86
      ],
      [
        1.86,
        2.51
      ],
      [
        2.51,
        2.88
      ],
      [
        2.88,
        3.41
      ],
      [
        3.41,
        3.92
      ],
      [
        3.92,
        3.98
      ],
      [
        3.98,
        5.0
      ]
    ],
    "disfluency_label": [
      0,
      1,
      0,
      0,
      1,
      0,
      0,
      0
    ],
    "att_based_D_on_src": {
      "interval": [
        [
          0.03,
          0.83
        ],
        [
          1.46,
          1.86
        ],
        [
          1.86,
          2.51
        ],
        [
          2.51,
          2.88
        ],
        [
          2.88,
          3.41
        ],
        [
          3.41,
          3.92
        ],
        [
          3.92,
          3.98
        ],
        [
          3.98,
          5.0
        ]
      ],
      "disfluency_label": [
        1,
        1,
        1,
        1,
        1,
        1,
        1,
        1
      ],
      "f1": 0.4,
      "precision": 0.25,
      "recall": 1.0,
      "tp": 2,
      "fp": 6,
      "tn": 0,
      "fn": 0
    },
    "hs_based_D_on_src_novc": {
      "interval": [
        [
          1.46,
          1.86
        ],
        [
          1.86,
          2.51
        ],
        [
          2.51,
          2.88
        ],
        [
          2.88,
          3.41
        ],
        [
          3.41,
          3.92
        ],
        [
          3.92,
          3.98
        ],
        [
          3.98,
          5.0
        ]
      ],
      "disfluency_label": [
        0,
        1,
        1,
        1,
        1,
        1,
        1,
        1
      ],
      "f1": 0.4444444444444445,
      "precision": 0.2857142857142857,
      "recall": 1.0,
      "tp": 2,
      "fp": 5,
      "tn": 1,
      "fn": 0
    },
    "zs_based_D_on_src_novc": {
      "interval": [
        [
          3.41,
          3.92
        ]
      ],
      "disfluency_label": [
        0,
        0,
        0,
        0,
        0,
        1,
        0,
        0
      ],
      "f1": 0,
      "precision": 0.0,
      "recall": 0.0,
      "tp": 0,
      "fp": 1,
      "tn": 5,
      "fn": 2
    },
    "hs_based_D_on_src": {
      "interval": [
        [
          1.86,
          2.51
        ],
        [
          2.51,
          2.88
        ],
        [
          2.88,
          3.41
        ],
        [
          3.98,
          5.0
        ]
      ],
      "disfluency_label": [
        0,
        0,
        1,
        1,
        1,
        0,
        0,
        1
      ],
      "f1": 0.3333333333333333,
      "precision": 0.25,
      "recall": 0.5,
      "tp": 1,
      "fp": 3,
      "tn": 3,
      "fn": 1
    },
    "zs_based_D_on_src": {
      "interval": [],
      "disfluency_label": [
        0,
        0,
        0,
        0,
        0,
        0,
        0,
        0
      ],
      "f1": 0,
      "precision": 0,
      "recall": 0.0,
      "tp": 0,
      "fp": 0,
      "tn": 6,
      "fn": 2
    },
    "zs_hs_based_D_on_src": {
      "interval": [
        [
          2.51,
          2.88
        ],
        [
          3.41,
          3.92
        ]
      ],
      "disfluency_label": [
        0,
        0,
        0,
        1,
        0,
        1,
        0,
        0
      ],
      "f1": 0,
      "precision": 0.0,
      "recall": 0.0,
      "tp": 0,
      "fp": 2,
      "tn": 4,
      "fn": 2
    },
    "ASR": {
      "disfluency_label": [
        0,
        0,
        0,
        0,
        0,
        0,
        0,
        0
      ],
      "f1": 0,
      "precision": 0,
      "recall": 0.0,
      "tp": 0,
      "fp": 0,
      "tn": 6,
      "fn": 2
    }
  }
}