{
  "uttid": "0712-0001",
  "words": {
    "sentence": [
      "IT",
      "IS",
      "FULL",
      "OF",
      "FEELING",
      "THAT",
      "YOU",
      "ARE",
      "WALKING",
      "IN",
      "THE",
      "CITY"
    ],
    "interval": [
      [
        0.08,
        0.24
      ],
      [
        0.24,
        0.5
      ],
      [
        0.5,
        0.86
      ],
      [
        0.86,
        0.98
      ],
      [
        0.98,
        2.0
      ],
      [
        2.02,
        2.57
      ],
      [
        2.57,
        2.85
      ],
      [
        2.85,
        2.9
      ],
      [
        2.9,
        3.52
      ],
      [
        3.52,
        3.61
      ],
      [
        3.61,
        3.68
      ],
      [
        3.68,
        4.29
      ]
    ],
    "disfluency_label": [
      0,
      0,
      1,
      1,
      0,
      0,
      0,
      0,
      1,
      0,
      0,
      0
    ],
    "att_based_D_on_src": {
      "interval": [
        [
          0.5,
          0.86
        ]
      ],
      "disfluency_label": [
        0,
        0,
        1,
        0,
        0,
        0,
        0,
        0,
        0,
        0,
        0,
        0
      ],
      "f1": 0.5,
      "precision": 1.0,
      "recall": 0.3333333333333333,
      "tp": 1,
      "fp": 0,
      "tn": 9,
      "fn": 2
    },
    "hs_based_D_on_src_novc": {
      "interval": [
        [
          0.24,
          0.5
        ],
        [
          0.5,
          0.86
        ],
        [
          0.98,
          2.0
        ],
        [
          2.02,
          2.57
        ]
      ],
      "disfluency_label": [
        0,
        1,
        1,
        0,
        1,
        1,
        0,
        0,
        0,
        0,
        0,
        0
      ],
      "f1": 0.28571428571428575,
      "precision": 0.25,
      "recall": 0.3333333333333333,
      "tp": 1,
      "fp": 3,
      "tn": 6,
      "fn": 2
    },
    "zs_based_D_on_src_novc": {
      "interval": [
        [
          0.24,
          0.5
        ],
        [
          0.5,
          0.86
        ],
        [
          0.86,
          0.98
        ],
        [
          0.98,
          2.0
        ],
        [
          2.9,
          3.52
        ],
        [
          3.52,
          3.61
        ],
        [
          3.61,
          3.68
        ],
        [
          3.68,
          4.29
        ]
      ],
      "disfluency_label": [
        0,
        1,
        1,
        1,
        1,
        0,
        0,
        0,
        1,
        1,
        1,
        1
      ],
      "f1": 0.5454545454545454,
      "precision": 0.375,
      "recall": 1.0,
      "tp": 3,
      "fp": 5,
      "tn": 4,
      "fn": 0
    },
    "hs_based_D_on_src": {
      "interval": [
        [
          0.5,
          0.86
        ],
        [
          0.86,
          0.98
        ],
        [
          0.98,
          2.0
        ],
        [
          2.9,
          3.52
        ]
      ],
      "disfluency_label": [
        0,
        0,
        1,
        1,
        1,
        0,
        0,
        0,
        1,
        0,
        0,
        0
      ],
      "f1": 0.8571428571428571,
      "precision": 0.75,
      "recall": 1.0,
      "tp": 3,
      "fp": 1,
      "tn": 8,
      "fn": 0
    },
    "zs_based_D_on_src": {
      "interval": [
        [
          2.02,
          2.57
        ],
        [
          2.9,
          3.52
        ]
      ],
      "disfluency_label": [
        0,
        0,
        0,
        0,
        0,
        1,
        0,
        0,
        1,
        0,
        0,
        0
      ],
      "f1": 0.4,
      "precision": 0.5,
      "recall": 0.3333333333333333,
      "tp": 1,
      "fp": 1,
      "tn": 8,
      "fn": 2
    },
    "zs_hs_based_D_on_src": {
      "interval": [
        [
          0.98,
          2.0
        ]
      ],
      "disfluency_label": [
        0,
        0,
        0,
        0,
        1,
        0,
        0,
        0,
        0,
        0,
        0,
        0
      ],
      "f1": 0,
      "precision": 0.0,
      "recall": 0.0,
      "tp": 0,
      "fp": 1,
      "tn": 8,
      "fn": 3
    },
    "ASR": {
      "disfluency_label": [
        0,
        0,
        0,
        0,
        0,
        0,
        0,
        0,
        0,
        0,
        0,
        0
      ],
      "f1": 0,
      "precision": 0,
      "recall": 0.0,
      "tp": 0,
      "fp": 0,
      "tn": 9,
      "fn": 3
    }
  }
}