{
  "uttid": "0718-0001",
  "words": {
    "sentence": [
      "SECOND",
      "UNDERSTAND",
      "EVACUATION",
      "SITES",
      "AND",
      "ROUTES",
      "WITH",
      "FAMILY",
      "SITE",
      "ON",
      "THE",
      "HAZARD",
      "MAP"
    ],
    "interval": [
      [
        0.05,
        0.85
      ],
      [
        1.43,
        2.63
      ],
      [
        2.64,
        11.01
      ],
      [
        11.04,
        12.69
      ],
      [
        12.69,
        12.77
      ],
      [
        12.77,
        12.8
      ],
      [
        12.8,
        12.81
      ],
      [
        12.81,
        12.89
      ],
      [
        12.89,
        12.97
      ],
      [
        13.12,
        13.13
      ],
      [
        13.13,
        18.68
      ],
      [
        18.68,
        21.09
      ],
      [
        21.09,
        21.16
      ]
    ],
    "disfluency_label": [
      0,
      0,
      1,
      1,
      1,
      1,
      1,
      1,
      1,
      1,
      1,
      1,
      1
    ],
    "att_based_D_on_src": {
      "interval": [
        [
          1.43,
          2.63
        ],
        [
          13.13,
          18.68
        ],
        [
          18.68,
          21.09
        ]
      ],
      "disfluency_label": [
        0,
        1,
        0,
        0,
        0,
        0,
        0,
        0,
        0,
        0,
        1,
        1,
        0
      ],
      "f1": 0.28571428571428575,
      "precision": 0.6666666666666666,
      "recall": 0.18181818181818182,
      "tp": 2,
      "fp": 1,
      "tn": 1,
      "fn": 9
    },
    "hs_based_D_on_src_novc": {
      "interval": [
        [
          2.64,
          11.01
        ],
        [
          11.04,
          12.69
        ],
        [
          12.69,
          12.77
        ],
        [
          12.77,
          12.8
        ],
        [
          12.8,
          12.81
        ],
        [
          12.81,
          12.89
        ],
        [
          12.89,
          12.97
        ],
        [
          13.12,
          13.13
        ],
        [
          13.13,
          18.68
        ],
        [
          18.68,
          21.09
        ]
      ],
      "disfluency_label": [
        0,
        0,
        1,
        1,
        1,
        1,
        1,
        1,
        1,
        1,
        1,
        1,
        0
      ],
      "f1": 0.9523809523809523,
      "precision": 1.0,
      "recall": 0.9090909090909091,
      "tp": 10,
      "fp": 0,
      "tn": 2,
      "fn": 1
    },
    "zs_based_D_on_src_novc": {
      "interval": [
        [
          2.64,
          11.01
        ],
        [
          13.13,
          18.68
        ]
      ],
      "disfluency_label": [
        0,
        0,
        1,
        0,
        0,
        0,
        0,
        0,
        0,
        0,
        1,
        0,
        0
      ],
      "f1": 0.3076923076923077,
      "precision": 1.0,
      "recall": 0.18181818181818182,
      "tp": 2,
      "fp": 0,
      "tn": 2,
      "fn": 9
    },
    "hs_based_D_on_src": {
      "interval": [
        [
          2.64,
          11.01
        ],
        [
          11.04,
          12.69
        ],
        [
          13.13,
          18.68
        ],
        [
          18.68,
          21.09
        ],
        [
          21.09,
          21.16
        ]
      ],
      "disfluency_label": [
        0,
        0,
        1,
        1,
        0,
        0,
        0,
        0,
        0,
        0,
        1,
        1,
        1
      ],
      "f1": 0.625,
      "precision": 1.0,
      "recall": 0.45454545454545453,
      "tp": 5,
      "fp": 0,
      "tn": 2,
      "fn": 6
    },
    "zs_based_D_on_src": {
      "interval": [
        [
          2.64,
          11.01
        ],
        [
          11.04,
          12.69
        ],
        [
          13.13,
          18.68
        ],
        [
          18.68,
          21.09
        ]
      ],
      "disfluency_label": [
        0,
        0,
        1,
        1,
        0,
        0,
        0,
        0,
        0,
        0,
        1,
        1,
        0
      ],
      "f1": 0.5333333333333333,
      "precision": 1.0,
      "recall": 0.36363636363636365,
      "tp": 4,
      "fp": 0,
      "tn": 2,
      "fn": 7
    },
    "zs_hs_based_D_on_src": {
      "interval": [
        [
          2.64,
          11.01
        ],
        [
          13.13,
          18.68
        ]
      ],
      "disfluency_label": [
        0,
        0,
        1,
        0,
        0,
        0,
        0,
        0,
        0,
        0,
        1,
        0,
        0
      ],
      "f1": 0.3076923076923077,
      "precision": 1.0,
      "recall": 0.18181818181818182,
      "tp": 2,
      "fp": 0,
      "tn": 2,
      "fn": 9
    },
    "ASR": {
      "disfluency_label": [
        0,
        0,
        0,
        1,
        0,
        1,
        0,
        0,
        0,
        0,
        0,
        0,
        0,
        0,
        0,
        0,
        0,
        0,
        0,
        0,
        0
      ],
      "f1": 0.3076923076923077,
      "precision": 1.0,
      "recall": 0.18181818181818182,
      "tp": 2,
      "fp": 0,
      "tn": 2,
      "fn": 9
    }
  }
}