{
  "uttid": "0718-0002",
  "words": {
    "sentence": [
      "ADVANCE",
      "VISIT",
      "THE",
      "EVACUATION",
      "AND",
      "EVACUATION",
      "ROUTE",
      "WITH",
      "YOUR",
      "FAMILY"
    ],
    "interval": [
      [
        0.0,
        0.52
      ],
      [
        0.52,
        1.45
      ],
      [
        1.45,
        1.53
      ],
      [
        1.53,
        6.16
      ],
      [
        6.16,
        6.7
      ],
      [
        6.7,
        6.78
      ],
      [
        6.78,
        7.42
      ],
      [
        7.48,
        7.72
      ],
      [
        7.72,
        8.07
      ],
      [
        8.07,
        8.73
      ]
    ],
    "disfluency_label": [
      0,
      1,
      0,
      1,
      0,
      1,
      0,
      0,
      0,
      0
    ],
    "att_based_D_on_src": {
      "interval": [
        [
          0.52,
          1.45
        ],
        [
          1.53,
          6.16
        ],
        [
          6.16,
          6.7
        ]
      ],
      "disfluency_label": [
        0,
        1,
        0,
        1,
        1,
        0,
        0,
        0,
        0,
        0
      ],
      "f1": 0.6666666666666666,
      "precision": 0.6666666666666666,
      "recall": 0.6666666666666666,
      "tp": 2,
      "fp": 1,
      "tn": 6,
      "fn": 1
    },
    "hs_based_D_on_src_novc": {
      "interval": [
        [
          0.0,
          0.52
        ],
        [
          1.53,
          6.16
        ],
        [
          6.16,
          6.7
        ],
        [
          7.48,
          7.72
        ]
      ],
      "disfluency_label": [
        1,
        0,
        0,
        1,
        1,
        0,
        0,
        1,
        0,
        0
      ],
      "f1": 0.28571428571428575,
      "precision": 0.25,
      "recall": 0.3333333333333333,
      "tp": 1,
      "fp": 3,
      "tn": 4,
      "fn": 2
    },
    "zs_based_D_on_src_novc": {
      "interval": [
        [
          0.0,
          0.52
        ],
        [
          0.52,
          1.45
        ],
        [
          1.45,
          1.53
        ],
        [
          1.53,
          6.16
        ],
        [
          6.16,
          6.7
        ],
        [
          6.7,
          6.78
        ],
        [
          6.78,
          7.42
        ],
        [
          7.48,
          7.72
        ],
        [
          7.72,
          8.07
        ],
        [
          8.07,
          8.73
        ]
      ],
      "disfluency_label": [
        1,
        1,
        1,
        1,
        1,
        1,
        1,
        1,
        1,
        1
      ],
      "f1": 0.4615384615384615,
      "precision": 0.3,
      "recall": 1.0,
      "tp": 3,
      "fp": 7,
      "tn": 0,
      "fn": 0
    },
    "hs_based_D_on_src": {
      "interval": [
        [
          0.0,
          0.52
        ],
        [
          0.52,
          1.45
        ],
        [
          1.53,
          6.16
        ],
        [
          6.16,
          6.7
        ],
        [
          6.7,
          6.78
        ],
        [
          6.78,
          7.42
        ],
        [
          7.48,
          7.72
        ],
        [
          7.72,
          8.07
        ],
        [
          8.07,
          8.73
        ]
      ],
      "disfluency_label": [
        1,
        1,
        0,
        1,
        1,
        1,
        1,
        1,
        1,
        1
      ],
      "f1": 0.5,
      "precision": 0.3333333333333333,
      "recall": 1.0,
      "tp": 3,
      "fp": 6,
      "tn": 1,
      "fn": 0
    },
    "zs_based_D_on_src": {
      "interval": [
        [
          0.0,
          0.52
        ],
        [
          0.52,
          1.45
        ],
        [
          1.45,
          1.53
        ],
        [
          1.53,
          6.16
        ],
        [
          6.16,
          6.7
        ],
        [
          8.07,
          8.73
        ]
      ],
      "disfluency_label": [
        1,
        1,
        1,
        1,
        1,
        0,
        0,
        0,
        0,
        1
      ],
      "f1": 0.4444444444444444,
      "precision": 0.3333333333333333,
      "recall": 0.6666666666666666,
      "tp": 2,
      "fp": 4,
      "tn": 3,
      "fn": 1
    },
    "zs_hs_based_D_on_src": {
      "interval": [
        [
          0.0,
          0.52
        ],
        [
          0.52,
          1.45
        ],
        [
          1.45,
          1.53
        ],
        [
          1.53,
          6.16
        ],
        [
          6.16,
          6.7
        ],
        [
          6.78,
          7.42
        ],
        [
          7.48,
          7.72
        ],
        [
          7.72,
          8.07
        ]
      ],
      "disfluency_label": [
        1,
        1,
        1,
        1,
        1,
        0,
        1,
        1,
        1,
        0
      ],
      "f1": 0.36363636363636365,
      "precision": 0.25,
      "recall": 0.6666666666666666,
      "tp": 2,
      "fp": 6,
      "tn": 1,
      "fn": 1
    },
    "ASR": {
      "disfluency_label": [
        1,
        1,
        1,
        0,
        1,
        1,
        0,
        0,
        1,
        0,
        0,
        0
      ],
      "f1": 0.4444444444444444,
      "precision": 0.3333333333333333,
      "recall": 0.6666666666666666,
      "tp": 2,
      "fp": 4,
      "tn": 3,
      "fn": 1
    }
  }
}