{
  "uttid": "0721-0004",
  "words": {
    "sentence": [
      "THE",
      "FIRST",
      "EXAMPLE",
      "IS",
      "IT",
      "IS",
      "DIFFICULT",
      "FOR",
      "WOMEN",
      "TO",
      "BE",
      "PROMOTED",
      "AT",
      "THE",
      "COMPANY"
    ],
    "interval": [
      [
        0.01,
        0.13
      ],
      [
        0.13,
        0.58
      ],
      [
        0.58,
        1.26
      ],
      [
        1.26,
        2.12
      ],
      [
        2.21,
        2.43
      ],
      [
        2.43,
        2.72
      ],
      [
        2.72,
        3.62
      ],
      [
        3.62,
        3.64
      ],
      [
        3.64,
        4.2
      ],
      [
        4.2,
        4.42
      ],
      [
        4.42,
        4.74
      ],
      [
        4.74,
        5.51
      ],
      [
        5.51,
        5.75
      ],
      [
        5.75,
        6.02
      ],
      [
        6.02,
        6.58
      ]
    ],
    "disfluency_label": [
      1,
      0,
      0,
      1,
      0,
      1,
      0,
      0,
      0,
      0,
      0,
      0,
      1,
      1,
      1
    ],
    "att_based_D_on_src": {
      "interval": [
        [
          5.51,
          5.75
        ]
      ],
      "disfluency_label": [
        0,
        0,
        0,
        0,
        0,
        0,
        0,
        0,
        0,
        0,
        0,
        0,
        1,
        0,
        0
      ],
      "f1": 0.2857142857142857,
      "precision": 1.0,
      "recall": 0.16666666666666666,
      "tp": 1,
      "fp": 0,
      "tn": 9,
      "fn": 5
    },
    "hs_based_D_on_src_novc": {
      "interval": [
        [
          4.42,
          4.74
        ],
        [
          4.74,
          5.51
        ],
        [
          5.51,
          5.75
        ]
      ],
      "disfluency_label": [
        0,
        0,
        0,
        0,
        0,
        0,
        0,
        0,
        0,
        0,
        1,
        1,
        1,
        0,
        0
      ],
      "f1": 0.2222222222222222,
      "precision": 0.3333333333333333,
      "recall": 0.16666666666666666,
      "tp": 1,
      "fp": 2,
      "tn": 7,
      "fn": 5
    },
    "zs_based_D_on_src_novc": {
      "interval": [],
      "disfluency_label": [
        0,
        0,
        0,
        0,
        0,
        0,
        0,
        0,
        0,
        0,
        0,
        0,
        0,
        0,
        0
      ],
      "f1": 0,
      "precision": 0,
      "recall": 0.0,
      "tp": 0,
      "fp": 0,
      "tn": 9,
      "fn": 6
    },
    "hs_based_D_on_src": {
      "interval": [
        [
          4.74,
          5.51
        ]
      ],
      "disfluency_label": [
        0,
        0,
        0,
        0,
        0,
        0,
        0,
        0,
        0,
        0,
        0,
        1,
        0,
        0,
        0
      ],
      "f1": 0,
      "precision": 0.0,
      "recall": 0.0,
      "tp": 0,
      "fp": 1,
      "tn": 8,
      "fn": 6
    },
    "zs_based_D_on_src": {
      "interval": [],
      "disfluency_label": [
        0,
        0,
        0,
        0,
        0,
        0,
        0,
        0,
        0,
        0,
        0,
        0,
        0,
        0,
        0
      ],
      "f1": 0,
      "precision": 0,
      "recall": 0.0,
      "tp": 0,
      "fp": 0,
      "tn": 9,
      "fn": 6
    },
    "zs_hs_based_D_on_src": {
      "interval": [
        [
          4.74,
          5.51
        ]
      ],
      "disfluency_label": [
        0,
        0,
        0,
        0,
        0,
        0,
        0,
        0,
        0,
        0,
        0,
        1,
        0,
        0,
        0
      ],
      "f1": 0,
      "precision": 0.0,
      "recall": 0.0,
      "tp": 0,
      "fp": 1,
      "tn": 8,
      "fn": 6
    },
    "ASR": {
      "disfluency_label": [
        0,
        0,
        0,
        0,
        0,
        0,
        0,
        0,
        0,
        0,
        0,
        0,
        0,
        0,
        0
      ],
      "f1": 0,
      "precision": 0,
      "recall": 0.0,
      "tp": 0,
      "fp": 0,
      "tn": 9,
      "fn": 6
    }
  }
}