{
  "uttid": "0721-0002",
  "words": {
    "sentence": [
      "DO",
      "YOU",
      "KNOW",
      "WHAT",
      "KIND",
      "GENDER",
      "GAP",
      "THERE",
      "IS",
      "IN",
      "JAPAN"
    ],
    "interval": [
      [
        0.03,
        0.12
      ],
      [
        0.12,
        0.36
      ],
      [
        0.36,
        1.51
      ],
      [
        1.51,
        1.58
      ],
      [
        1.58,
        1.7
      ],
      [
        1.7,
        2.05
      ],
      [
        2.05,
        2.46
      ],
      [
        2.59,
        2.9
      ],
      [
        2.9,
        3.09
      ],
      [
        3.09,
        3.39
      ],
      [
        3.39,
        4.19
      ]
    ],
    "disfluency_label": [
      0,
      0,
      0,
      0,
      0,
      0,
      1,
      0,
      0,
      0,
      0
    ],
    "att_based_D_on_src": {
      "interval": [
        [
          0.03,
          0.12
        ],
        [
          0.12,
          0.36
        ],
        [
          0.36,
          1.51
        ],
        [
          1.51,
          1.58
        ],
        [
          1.58,
          1.7
        ],
        [
          1.7,
          2.05
        ],
        [
          2.05,
          2.46
        ],
        [
          2.59,
          2.9
        ],
        [
          2.9,
          3.09
        ],
        [
          3.09,
          3.39
        ],
        [
          3.39,
          4.19
        ]
      ],
      "disfluency_label": [
        1,
        1,
        1,
        1,
        1,
        1,
        1,
        1,
        1,
        1,
        1
      ],
      "f1": 0.16666666666666669,
      "precision": 0.09090909090909091,
      "recall": 1.0,
      "tp": 1,
      "fp": 10,
      "tn": 0,
      "fn": 0
    },
    "hs_based_D_on_src_novc": {
      "interval": [
        [
          0.36,
          1.51
        ],
        [
          3.09,
          3.39
        ],
        [
          3.39,
          4.19
        ]
      ],
      "disfluency_label": [
        0,
        0,
        1,
        0,
        0,
        0,
        0,
        0,
        0,
        1,
        1
      ],
      "f1": 0,
      "precision": 0.0,
      "recall": 0.0,
      "tp": 0,
      "fp": 3,
      "tn": 7,
      "fn": 1
    },
    "zs_based_D_on_src_novc": {
      "interval": [
        [
          0.03,
          0.12
        ],
        [
          0.36,
          1.51
        ]
      ],
      "disfluency_label": [
        1,
        0,
        1,
        0,
        0,
        0,
        0,
        0,
        0,
        0,
        0
      ],
      "f1": 0,
      "precision": 0.0,
      "recall": 0.0,
      "tp": 0,
      "fp": 2,
      "tn": 8,
      "fn": 1
    },
    "hs_based_D_on_src": {
      "interval": [
        [
          2.05,
          2.46
        ],
        [
          3.09,
          3.39
        ],
        [
          3.39,
          4.19
        ]
      ],
      "disfluency_label": [
        0,
        0,
        0,
        0,
        0,
        0,
        1,
        0,
        0,
        1,
        1
      ],
      "f1": 0.5,
      "precision": 0.3333333333333333,
      "recall": 1.0,
      "tp": 1,
      "fp": 2,
      "tn": 8,
      "fn": 0
    },
    "zs_based_D_on_src": {
      "interval": [
        [
          0.03,
          0.12
        ],
        [
          0.12,
          0.36
        ],
        [
          0.36,
          1.51
        ],
        [
          1.51,
          1.58
        ],
        [
          1.58,
          1.7
        ],
        [
          2.05,
          2.46
        ],
        [
          2.59,
          2.9
        ],
        [
          2.9,
          3.09
        ]
      ],
      "disfluency_label": [
        1,
        1,
        1,
        1,
        1,
        0,
        1,
        1,
        1,
        0,
        0
      ],
      "f1": 0.2222222222222222,
      "precision": 0.125,
      "recall": 1.0,
      "tp": 1,
      "fp": 7,
      "tn": 3,
      "fn": 0
    },
    "zs_hs_based_D_on_src": {
      "interval": [
        [
          0.36,
          1.51
        ],
        [
          1.51,
          1.58
        ]
      ],
      "disfluency_label": [
        0,
        0,
        1,
        1,
        0,
        0,
        0,
        0,
        0,
        0,
        0
      ],
      "f1": 0,
      "precision": 0.0,
      "recall": 0.0,
      "tp": 0,
      "fp": 2,
      "tn": 8,
      "fn": 1
    },
    "ASR": {
      "disfluency_label": [
        0,
        0,
        0,
        0,
        0,
        0,
        0,
        0,
        0,
        0,
        0,
        0
      ],
      "f1": 0,
      "precision": 0,
      "recall": 0.0,
      "tp": 0,
      "fp": 0,
      "tn": 10,
      "fn": 1
    }
  }
}