{
  "uttid": "0722-0001",
  "words": {
    "sentence": [
      "ALSO",
      "I",
      "HAVE",
      "A",
      "DREAM",
      "OF",
      "TAKING",
      "MY",
      "FAMILY",
      "OVERSEAS",
      "LIKE",
      "CANADA"
    ],
    "interval": [
      [
        0.0,
        0.84
      ],
      [
        1.51,
        1.76
      ],
      [
        1.76,
        2.14
      ],
      [
        2.14,
        2.52
      ],
      [
        2.52,
        4.7
      ],
      [
        4.75,
        4.77
      ],
      [
        4.77,
        4.82
      ],
      [
        4.82,
        4.83
      ],
      [
        4.83,
        5.62
      ],
      [
        5.89,
        7.14
      ],
      [
        9.15,
        9.91
      ],
      [
        10.04,
        10.6
      ]
    ],
    "disfluency_label": [
      0,
      0,
      0,
      1,
      0,
      0,
      0,
      0,
      0,
      0,
      1,
      0
    ],
    "att_based_D_on_src": {
      "interval": [
        [
          5.89,
          7.14
        ],
        [
          9.15,
          9.91
        ]
      ],
      "disfluency_label": [
        0,
        0,
        0,
        0,
        0,
        0,
        0,
        0,
        0,
        1,
        1,
        0
      ],
      "f1": 0.5,
      "precision": 0.5,
      "recall": 0.5,
      "tp": 1,
      "fp": 1,
      "tn": 9,
      "fn": 1
    },
    "hs_based_D_on_src_novc": {
      "interval": [
        [
          2.52,
          4.7
        ],
        [
          4.75,
          4.77
        ],
        [
          4.77,
          4.82
        ],
        [
          4.82,
          4.83
        ],
        [
          4.83,
          5.62
        ],
        [
          5.89,
          7.14
        ],
        [
          9.15,
          9.91
        ]
      ],
      "disfluency_label": [
        0,
        0,
        0,
        0,
        1,
        1,
        1,
        1,
        1,
        1,
        1,
        0
      ],
      "f1": 0.22222222222222224,
      "precision": 0.14285714285714285,
      "recall": 0.5,
      "tp": 1,
      "fp": 6,
      "tn": 4,
      "fn": 1
    },
    "zs_based_D_on_src_novc": {
      "interval": [
        [
          4.75,
          4.77
        ],
        [
          4.77,
          4.82
        ],
        [
          4.82,
          4.83
        ],
        [
          4.83,
          5.62
        ]
      ],
      "disfluency_label": [
        0,
        0,
        0,
        0,
        0,
        1,
        1,
        1,
        1,
        0,
        0,
        0
      ],
      "f1": 0,
      "precision": 0.0,
      "recall": 0.0,
      "tp": 0,
      "fp": 4,
      "tn": 6,
      "fn": 2
    },
    "hs_based_D_on_src": {
      "interval": [
        [
          1.51,
          1.76
        ],
        [
          1.76,
          2.14
        ],
        [
          2.14,
          2.52
        ],
        [
          2.52,
          4.7
        ]
      ],
      "disfluency_label": [
        0,
        1,
        1,
        1,
        1,
        0,
        0,
        0,
        0,
        0,
        0,
        0
      ],
      "f1": 0.3333333333333333,
      "precision": 0.25,
      "recall": 0.5,
      "tp": 1,
      "fp": 3,
      "tn": 7,
      "fn": 1
    },
    "zs_based_D_on_src": {
      "interval": [
        [
          9.15,
          9.91
        ],
        [
          10.04,
          10.6
        ]
      ],
      "disfluency_label": [
        0,
        0,
        0,
        0,
        0,
        0,
        0,
        0,
        0,
        0,
        1,
        1
      ],
      "f1": 0.5,
      "precision": 0.5,
      "recall": 0.5,
      "tp": 1,
      "fp": 1,
      "tn": 9,
      "fn": 1
    },
    "zs_hs_based_D_on_src": {
      "interval": [
        [
          4.83,
          5.62
        ],
        [
          9.15,
          9.91
        ],
        [
          10.04,
          10.6
        ]
      ],
      "disfluency_label": [
        0,
        0,
        0,
        0,
        0,
        0,
        0,
        0,
        1,
        0,
        1,
        1
      ],
      "f1": 0.4,
      "precision": 0.3333333333333333,
      "recall": 0.5,
      "tp": 1,
      "fp": 2,
      "tn": 8,
      "fn": 1
    },
    "ASR": {
      "disfluency_label": [
        0,
        1,
        0,
        0,
        0,
        0,
        0,
        0,
        1,
        1,
        0,
        0
      ],
      "f1": 0,
      "precision": 0.0,
      "recall": 0.0,
      "tp": 0,
      "fp": 3,
      "tn": 7,
      "fn": 2
    }
  }
}