{
  "uttid": "0725-0004",
  "words": {
    "sentence": [
      "OTA",
      "GAY",
      "IS",
      "A",
      "WORK",
      "OF",
      "ART",
      "CREATED",
      "IN",
      "COMBINATION",
      "WITH",
      "THE",
      "ARTISTS"
    ],
    "interval": [
      [
        0.0,
        0.38
      ],
      [
        0.38,
        0.71
      ],
      [
        0.71,
        0.91
      ],
      [
        0.91,
        0.95
      ],
      [
        0.95,
        1.5
      ],
      [
        1.5,
        1.59
      ],
      [
        1.59,
        1.99
      ],
      [
        1.99,
        2.66
      ],
      [
        2.76,
        3.02
      ],
      [
        3.02,
        3.89
      ],
      [
        3.89,
        4.18
      ],
      [
        4.18,
        4.38
      ],
      [
        4.38,
        4.94
      ]
    ],
    "disfluency_label": [
      0,
      1,
      0,
      0,
      0,
      0,
      0,
      0,
      0,
      0,
      0,
      0,
      0
    ],
    "att_based_D_on_src": {
      "interval": [
        [
          0.71,
          0.91
        ]
      ],
      "disfluency_label": [
        0,
        0,
        1,
        0,
        0,
        0,
        0,
        0,
        0,
        0,
        0,
        0,
        0
      ],
      "f1": 0,
      "precision": 0.0,
      "recall": 0.0,
      "tp": 0,
      "fp": 1,
      "tn": 11,
      "fn": 1
    },
    "hs_based_D_on_src_novc": {
      "interval": [
        [
          0.0,
          0.38
        ],
        [
          0.38,
          0.71
        ],
        [
          1.99,
          2.66
        ]
      ],
      "disfluency_label": [
        1,
        1,
        0,
        0,
        0,
        0,
        0,
        1,
        0,
        0,
        0,
        0,
        0
      ],
      "f1": 0.5,
      "precision": 0.3333333333333333,
      "recall": 1.0,
      "tp": 1,
      "fp": 2,
      "tn": 10,
      "fn": 0
    },
    "zs_based_D_on_src_novc": {
      "interval": [
        [
          0.0,
          0.38
        ],
        [
          0.38,
          0.71
        ],
        [
          1.99,
          2.66
        ],
        [
          4.18,
          4.38
        ],
        [
          4.38,
          4.94
        ]
      ],
      "disfluency_label": [
        1,
        1,
        0,
        0,
        0,
        0,
        0,
        1,
        0,
        0,
        0,
        1,
        1
      ],
      "f1": 0.33333333333333337,
      "precision": 0.2,
      "recall": 1.0,
      "tp": 1,
      "fp": 4,
      "tn": 8,
      "fn": 0
    },
    "hs_based_D_on_src": {
      "interval": [
        [
          0.0,
          0.38
        ],
        [
          0.38,
          0.71
        ],
        [
          0.91,
          0.95
        ],
        [
          0.95,
          1.5
        ],
        [
          1.59,
          1.99
        ],
        [
          1.99,
          2.66
        ],
        [
          3.02,
          3.89
        ],
        [
          3.89,
          4.18
        ],
        [
          4.18,
          4.38
        ]
      ],
      "disfluency_label": [
        1,
        1,
        0,
        1,
        1,
        0,
        1,
        1,
        0,
        1,
        1,
        1,
        0
      ],
      "f1": 0.19999999999999998,
      "precision": 0.1111111111111111,
      "recall": 1.0,
      "tp": 1,
      "fp": 8,
      "tn": 4,
      "fn": 0
    },
    "zs_based_D_on_src": {
      "interval": [
        [
          0.0,
          0.38
        ]
      ],
      "disfluency_label": [
        1,
        0,
        0,
        0,
        0,
        0,
        0,
        0,
        0,
        0,
        0,
        0,
        0
      ],
      "f1": 0,
      "precision": 0.0,
      "recall": 0.0,
      "tp": 0,
      "fp": 1,
      "tn": 11,
      "fn": 1
    },
    "zs_hs_based_D_on_src": {
      "interval": [
        [
          0.0,
          0.38
        ],
        [
          0.38,
          0.71
        ],
        [
          3.02,
          3.89
        ],
        [
          3.89,
          4.18
        ],
        [
          4.18,
          4.38
        ],
        [
          4.38,
          4.94
        ]
      ],
      "disfluency_label": [
        1,
        1,
        0,
        0,
        0,
        0,
        0,
        0,
        0,
        1,
        1,
        1,
        1
      ],
      "f1": 0.2857142857142857,
      "precision": 0.16666666666666666,
      "recall": 1.0,
      "tp": 1,
      "fp": 5,
      "tn": 7,
      "fn": 0
    },
    "ASR": {
      "disfluency_label": [
        1,
        1,
        0,
        1,
        0,
        0,
        0,
        0,
        0,
        0,
        0,
        0,
        1
      ],
      "f1": 0.4,
      "precision": 0.25,
      "recall": 1.0,
      "tp": 1,
      "fp": 3,
      "tn": 9,
      "fn": 0
    }
  }
}