{
  "uttid": "0725-0002",
  "words": {
    "sentence": [
      "IT'S",
      "NOT",
      "YOUR",
      "SOLO",
      "PERFORMANCE",
      "THAT",
      "IDOL",
      "WANTS",
      "TO",
      "SEE",
      "BUT",
      "THE",
      "FANS",
      "TOGETHER",
      "ACCOMPLISH",
      "THIS",
      "MISSION"
    ],
    "interval": [
      [
        0.02,
        0.26
      ],
      [
        0.26,
        0.71
      ],
      [
        0.71,
        0.96
      ],
      [
        0.96,
        1.46
      ],
      [
        1.46,
        1.53
      ],
      [
        1.53,
        1.57
      ],
      [
        1.57,
        3.19
      ],
      [
        3.19,
        3.57
      ],
      [
        3.57,
        3.72
      ],
      [
        3.72,
        4.61
      ],
      [
        5.17,
        6.1
      ],
      [
        6.15,
        7.06
      ],
      [
        7.06,
        7.32
      ],
      [
        7.32,
        8.05
      ],
      [
        8.05,
        8.38
      ],
      [
        8.38,
        8.66
      ],
      [
        8.66,
        9.11
      ]
    ],
    "disfluency_label": [
      0,
      0,
      0,
      0,
      0,
      0,
      1,
      1,
      1,
      1,
      1,
      1,
      1,
      1,
      0,
      0,
      0
    ],
    "att_based_D_on_src": {
      "interval": [
        [
          1.57,
          3.19
        ]
      ],
      "disfluency_label": [
        0,
        0,
        0,
        0,
        0,
        0,
        1,
        0,
        0,
        0,
        0,
        0,
        0,
        0,
        0,
        0,
        0
      ],
      "f1": 0.2222222222222222,
      "precision": 1.0,
      "recall": 0.125,
      "tp": 1,
      "fp": 0,
      "tn": 9,
      "fn": 7
    },
    "hs_based_D_on_src_novc": {
      "interval": [
        [
          0.02,
          0.26
        ],
        [
          0.96,
          1.46
        ],
        [
          1.46,
          1.53
        ],
        [
          1.53,
          1.57
        ],
        [
          1.57,
          3.19
        ],
        [
          3.19,
          3.57
        ],
        [
          5.17,
          6.1
        ]
      ],
      "disfluency_label": [
        1,
        0,
        0,
        1,
        1,
        1,
        1,
        1,
        0,
        0,
        1,
        0,
        0,
        0,
        0,
        0,
        0
      ],
      "f1": 0.39999999999999997,
      "precision": 0.42857142857142855,
      "recall": 0.375,
      "tp": 3,
      "fp": 4,
      "tn": 5,
      "fn": 5
    },
    "zs_based_D_on_src_novc": {
      "interval": [
        [
          0.02,
          0.26
        ],
        [
          0.26,
          0.71
        ],
        [
          0.71,
          0.96
        ],
        [
          0.96,
          1.46
        ],
        [
          1.57,
          3.19
        ],
        [
          3.19,
          3.57
        ],
        [
          3.57,
          3.72
        ],
        [
          3.72,
          4.61
        ],
        [
          5.17,
          6.1
        ],
        [
          6.15,
          7.06
        ],
        [
          7.06,
          7.32
        ],
        [
          7.32,
          8.05
        ],
        [
          8.05,
          8.38
        ]
      ],
      "disfluency_label": [
        1,
        1,
        1,
        1,
        0,
        0,
        1,
        1,
        1,
        1,
        1,
        1,
        1,
        1,
        1,
        0,
        0
      ],
      "f1": 0.761904761904762,
      "precision": 0.6153846153846154,
      "recall": 1.0,
      "tp": 8,
      "fp": 5,
      "tn": 4,
      "fn": 0
    },
    "hs_based_D_on_src": {
      "interval": [
        [
          0.26,
          0.71
        ],
        [
          0.71,
          0.96
        ],
        [
          0.96,
          1.46
        ],
        [
          1.46,
          1.53
        ],
        [
          1.53,
          1.57
        ],
        [
          1.57,
          3.19
        ],
        [
          3.19,
          3.57
        ],
        [
          3.57,
          3.72
        ],
        [
          3.72,
          4.61
        ],
        [
          5.17,
          6.1
        ]
      ],
      "disfluency_label": [
        0,
        1,
        1,
        1,
        1,
        1,
        1,
        1,
        1,
        1,
        1,
        0,
        0,
        0,
        0,
        0,
        0
      ],
      "f1": 0.5555555555555556,
      "precision": 0.5,
      "recall": 0.625,
      "tp": 5,
      "fp": 5,
      "tn": 4,
      "fn": 3
    },
    "zs_based_D_on_src": {
      "interval": [
        [
          1.57,
          3.19
        ],
        [
          3.19,
          3.57
        ],
        [
          6.15,
          7.06
        ],
        [
          7.06,
          7.32
        ]
      ],
      "disfluency_label": [
        0,
        0,
        0,
        0,
        0,
        0,
        1,
        1,
        0,
        0,
        0,
        1,
        1,
        0,
        0,
        0,
        0
      ],
      "f1": 0.6666666666666666,
      "precision": 1.0,
      "recall": 0.5,
      "tp": 4,
      "fp": 0,
      "tn": 9,
      "fn": 4
    },
    "zs_hs_based_D_on_src": {
      "interval": [
        [
          1.57,
          3.19
        ],
        [
          5.17,
          6.1
        ]
      ],
      "disfluency_label": [
        0,
        0,
        0,
        0,
        0,
        0,
        1,
        0,
        0,
        0,
        1,
        0,
        0,
        0,
        0,
        0,
        0
      ],
      "f1": 0.4,
      "precision": 1.0,
      "recall": 0.25,
      "tp": 2,
      "fp": 0,
      "tn": 9,
      "fn": 6
    },
    "ASR": {
      "disfluency_label": [
        0,
        0,
        0,
        1,
        0,
        0,
        1,
        1,
        1,
        0,
        0,
        0,
        0,
        1,
        0,
        0,
        0,
        0,
        0,
        0
      ],
      "f1": 0.6153846153846154,
      "precision": 0.8,
      "recall": 0.5,
      "tp": 4,
      "fp": 1,
      "tn": 8,
      "fn": 4
    }
  }
}