{
  "uttid": "0726-0003",
  "words": {
    "sentence": [
      "MOREOVER",
      "COPYING",
      "SOMEBODY'S",
      "ASSIGNMENT",
      "LIKE",
      "INSULTING",
      "THE",
      "FRIEND"
    ],
    "interval": [
      [
        0.04,
        2.85
      ],
      [
        2.87,
        3.28
      ],
      [
        3.28,
        3.47
      ],
      [
        3.47,
        3.63
      ],
      [
        3.63,
        3.68
      ],
      [
        3.68,
        4.33
      ],
      [
        4.33,
        4.46
      ],
      [
        4.46,
        4.82
      ]
    ],
    "disfluency_label": [
      1,
      0,
      0,
      0,
      0,
      1,
      0,
      0
    ],
    "att_based_D_on_src": {
      "interval": [
        [
          4.46,
          4.82
        ]
      ],
      "disfluency_label": [
        0,
        0,
        0,
        0,
        0,
        0,
        0,
        1
      ],
      "f1": 0,
      "precision": 0.0,
      "recall": 0.0,
      "tp": 0,
      "fp": 1,
      "tn": 5,
      "fn": 2
    },
    "hs_based_D_on_src_novc": {
      "interval": [
        [
          0.04,
          2.85
        ],
        [
          2.87,
          3.28
        ],
        [
          3.28,
          3.47
        ],
        [
          3.47,
          3.63
        ],
        [
          3.63,
          3.68
        ],
        [
          3.68,
          4.33
        ],
        [
          4.33,
          4.46
        ]
      ],
      "disfluency_label": [
        1,
        1,
        1,
        1,
        1,
        1,
        1,
        0
      ],
      "f1": 0.4444444444444445,
      "precision": 0.2857142857142857,
      "recall": 1.0,
      "tp": 2,
      "fp": 5,
      "tn": 1,
      "fn": 0
    },
    "zs_based_D_on_src_novc": {
      "interval": [
        [
          3.68,
          4.33
        ],
        [
          4.33,
          4.46
        ],
        [
          4.46,
          4.82
        ]
      ],
      "disfluency_label": [
        0,
        0,
        0,
        0,
        0,
        1,
        1,
        1
      ],
      "f1": 0.4,
      "precision": 0.3333333333333333,
      "recall": 0.5,
      "tp": 1,
      "fp": 2,
      "tn": 4,
      "fn": 1
    },
    "hs_based_D_on_src": {
      "interval": [
        [
          3.68,
          4.33
        ],
        [
          4.33,
          4.46
        ]
      ],
      "disfluency_label": [
        0,
        0,
        0,
        0,
        0,
        1,
        1,
        0
      ],
      "f1": 0.5,
      "precision": 0.5,
      "recall": 0.5,
      "tp": 1,
      "fp": 1,
      "tn": 5,
      "fn": 1
    },
    "zs_based_D_on_src": {
      "interval": [
        [
          3.47,
          3.63
        ],
        [
          3.63,
          3.68
        ],
        [
          3.68,
          4.33
        ],
        [
          4.46,
          4.82
        ]
      ],
      "disfluency_label": [
        0,
        0,
        0,
        1,
        1,
        1,
        0,
        1
      ],
      "f1": 0.3333333333333333,
      "precision": 0.25,
      "recall": 0.5,
      "tp": 1,
      "fp": 3,
      "tn": 3,
      "fn": 1
    },
    "zs_hs_based_D_on_src": {
      "interval": [
        [
          3.47,
          3.63
        ],
        [
          3.63,
          3.68
        ],
        [
          3.68,
          4.33
        ],
        [
          4.33,
          4.46
        ],
        [
          4.46,
          4.82
        ]
      ],
      "disfluency_label": [
        0,
        0,
        0,
        1,
        1,
        1,
        1,
        1
      ],
      "f1": 0.28571428571428575,
      "precision": 0.2,
      "recall": 0.5,
      "tp": 1,
      "fp": 4,
      "tn": 2,
      "fn": 1
    },
    "ASR": {
      "disfluency_label": [
        1,
        0,
        0,
        0,
        0,
        1,
        1,
        1,
        0
      ],
      "f1": 0.6666666666666666,
      "precision": 0.5,
      "recall": 1.0,
      "tp": 2,
      "fp": 2,
      "tn": 4,
      "fn": 0
    }
  }
}