{
  "uttid": "0726-0002",
  "words": {
    "sentence": [
      "FIRST",
      "COPYING",
      "ASSIGNMENT",
      "IS",
      "NOT",
      "AN",
      "ACT",
      "OF",
      "GROWTH",
      "AND",
      "IT",
      "WILL",
      "MAKE",
      "YOUR",
      "SUFFER",
      "LATER"
    ],
    "interval": [
      [
        0.0,
        1.07
      ],
      [
        1.07,
        1.34
      ],
      [
        1.34,
        1.56
      ],
      [
        1.56,
        1.64
      ],
      [
        1.64,
        1.96
      ],
      [
        1.96,
        2.18
      ],
      [
        2.18,
        2.39
      ],
      [
        2.39,
        3.76
      ],
      [
        3.76,
        5.57
      ],
      [
        5.81,
        6.13
      ],
      [
        6.13,
        6.32
      ],
      [
        6.32,
        6.53
      ],
      [
        6.53,
        6.88
      ],
      [
        6.88,
        7.15
      ],
      [
        7.15,
        7.73
      ],
      [
        7.73,
        8.19
      ]
    ],
    "disfluency_label": [
      0,
      0,
      0,
      1,
      1,
      1,
      1,
      1,
      1,
      1,
      1,
      1,
      1,
      1,
      0,
      1
    ],
    "att_based_D_on_src": {
      "interval": [
        [
          2.39,
          3.76
        ],
        [
          3.76,
          5.57
        ],
        [
          5.81,
          6.13
        ],
        [
          6.13,
          6.32
        ],
        [
          6.88,
          7.15
        ],
        [
          7.15,
          7.73
        ],
        [
          7.73,
          8.19
        ]
      ],
      "disfluency_label": [
        0,
        0,
        0,
        0,
        0,
        0,
        0,
        1,
        1,
        1,
        1,
        0,
        0,
        1,
        1,
        1
      ],
      "f1": 0.631578947368421,
      "precision": 0.8571428571428571,
      "recall": 0.5,
      "tp": 6,
      "fp": 1,
      "tn": 3,
      "fn": 6
    },
    "hs_based_D_on_src_novc": {
      "interval": [
        [
          1.64,
          1.96
        ],
        [
          1.96,
          2.18
        ],
        [
          2.18,
          2.39
        ],
        [
          3.76,
          5.57
        ],
        [
          5.81,
          6.13
        ],
        [
          6.13,
          6.32
        ],
        [
          6.53,
          6.88
        ],
        [
          6.88,
          7.15
        ],
        [
          7.15,
          7.73
        ],
        [
          7.73,
          8.19
        ]
      ],
      "disfluency_label": [
        0,
        0,
        0,
        0,
        1,
        1,
        1,
        0,
        1,
        1,
        1,
        0,
        1,
        1,
        1,
        1
      ],
      "f1": 0.8181818181818182,
      "precision": 0.9,
      "recall": 0.75,
      "tp": 9,
      "fp": 1,
      "tn": 3,
      "fn": 3
    },
    "zs_based_D_on_src_novc": {
      "interval": [
        [
          2.18,
          2.39
        ],
        [
          2.39,
          3.76
        ],
        [
          6.88,
          7.15
        ],
        [
          7.15,
          7.73
        ],
        [
          7.73,
          8.19
        ]
      ],
      "disfluency_label": [
        0,
        0,
        0,
        0,
        0,
        0,
        1,
        1,
        0,
        0,
        0,
        0,
        0,
        1,
        1,
        1
      ],
      "f1": 0.47058823529411764,
      "precision": 0.8,
      "recall": 0.3333333333333333,
      "tp": 4,
      "fp": 1,
      "tn": 3,
      "fn": 8
    },
    "hs_based_D_on_src": {
      "interval": [
        [
          1.96,
          2.18
        ],
        [
          2.18,
          2.39
        ],
        [
          2.39,
          3.76
        ],
        [
          3.76,
          5.57
        ]
      ],
      "disfluency_label": [
        0,
        0,
        0,
        0,
        0,
        1,
        1,
        1,
        1,
        0,
        0,
        0,
        0,
        0,
        0,
        0
      ],
      "f1": 0.5,
      "precision": 1.0,
      "recall": 0.3333333333333333,
      "tp": 4,
      "fp": 0,
      "tn": 4,
      "fn": 8
    },
    "zs_based_D_on_src": {
      "interval": [
        [
          1.64,
          1.96
        ],
        [
          1.96,
          2.18
        ],
        [
          7.15,
          7.73
        ],
        [
          7.73,
          8.19
        ]
      ],
      "disfluency_label": [
        0,
        0,
        0,
        0,
        1,
        1,
        0,
        0,
        0,
        0,
        0,
        0,
        0,
        0,
        1,
        1
      ],
      "f1": 0.375,
      "precision": 0.75,
      "recall": 0.25,
      "tp": 3,
      "fp": 1,
      "tn": 3,
      "fn": 9
    },
    "zs_hs_based_D_on_src": {
      "interval": [
        [
          1.64,
          1.96
        ],
        [
          3.76,
          5.57
        ],
        [
          5.81,
          6.13
        ],
        [
          6.13,
          6.32
        ],
        [
          7.15,
          7.73
        ]
      ],
      "disfluency_label": [
        0,
        0,
        0,
        0,
        1,
        0,
        0,
        0,
        1,
        1,
        1,
        0,
        0,
        0,
        1,
        0
      ],
      "f1": 0.47058823529411764,
      "precision": 0.8,
      "recall": 0.3333333333333333,
      "tp": 4,
      "fp": 1,
      "tn": 3,
      "fn": 8
    },
    "ASR": {
      "disfluency_label": [
        0,
        0,
        0,
        0,
        0,
        0,
        0,
        1,
        1,
        0,
        0,
        0,
        0,
        0,
        1,
        1,
        1
      ],
      "f1": 0.375,
      "precision": 0.75,
      "recall": 0.25,
      "tp": 3,
      "fp": 1,
      "tn": 3,
      "fn": 9
    }
  }
}