{
  "uttid": "0727-0000",
  "words": {
    "sentence": [
      "IS",
      "THE",
      "PREPARATION",
      "OF",
      "AN",
      "EMERGENCY",
      "BAG"
    ],
    "interval": [
      [
        0.0,
        0.11
      ],
      [
        0.11,
        0.19
      ],
      [
        0.19,
        0.35
      ],
      [
        0.48,
        1.5
      ],
      [
        1.5,
        2.12
      ],
      [
        2.85,
        5.06
      ],
      [
        5.06,
        5.49
      ]
    ],
    "disfluency_label": [
      0,
      1,
      0,
      0,
      0,
      0,
      1
    ],
    "att_based_D_on_src": {
      "interval": [
        [
          0.48,
          1.5
        ],
        [
          2.85,
          5.06
        ],
        [
          5.06,
          5.49
        ]
      ],
      "disfluency_label": [
        0,
        0,
        0,
        1,
        0,
        1,
        1
      ],
      "f1": 0.4,
      "precision": 0.3333333333333333,
      "recall": 0.5,
      "tp": 1,
      "fp": 2,
      "tn": 3,
      "fn": 1
    },
    "hs_based_D_on_src_novc": {
      "interval": [
        [
          0.48,
          1.5
        ],
        [
          1.5,
          2.12
        ],
        [
          2.85,
          5.06
        ],
        [
          5.06,
          5.49
        ]
      ],
      "disfluency_label": [
        0,
        0,
        0,
        1,
        1,
        1,
        1
      ],
      "f1": 0.3333333333333333,
      "precision": 0.25,
      "recall": 0.5,
      "tp": 1,
      "fp": 3,
      "tn": 2,
      "fn": 1
    },
    "zs_based_D_on_src_novc": {
      "interval": [
        [
          1.5,
          2.12
        ],
        [
          2.85,
          5.06
        ],
        [
          5.06,
          5.49
        ]
      ],
      "disfluency_label": [
        0,
        0,
        0,
        0,
        1,
        1,
        1
      ],
      "f1": 0.4,
      "precision": 0.3333333333333333,
      "recall": 0.5,
      "tp": 1,
      "fp": 2,
      "tn": 3,
      "fn": 1
    },
    "hs_based_D_on_src": {
      "interval": [
        [
          0.48,
          1.5
        ],
        [
          1.5,
          2.12
        ],
        [
          5.06,
          5.49
        ]
      ],
      "disfluency_label": [
        0,
        0,
        0,
        1,
        1,
        0,
        1
      ],
      "f1": 0.4,
      "precision": 0.3333333333333333,
      "recall": 0.5,
      "tp": 1,
      "fp": 2,
      "tn": 3,
      "fn": 1
    },
    "zs_based_D_on_src": {
      "interval": [
        [
          0.0,
          0.11
        ],
        [
          0.11,
          0.19
        ],
        [
          0.19,
          0.35
        ],
        [
          0.48,
          1.5
        ],
        [
          1.5,
          2.12
        ],
        [
          2.85,
          5.06
        ],
        [
          5.06,
          5.49
        ]
      ],
      "disfluency_label": [
        1,
        1,
        1,
        1,
        1,
        1,
        1
      ],
      "f1": 0.4444444444444445,
      "precision": 0.2857142857142857,
      "recall": 1.0,
      "tp": 2,
      "fp": 5,
      "tn": 0,
      "fn": 0
    },
    "zs_hs_based_D_on_src": {
      "interval": [
        [
          0.11,
          0.19
        ],
        [
          0.19,
          0.35
        ],
        [
          0.48,
          1.5
        ],
        [
          1.5,
          2.12
        ],
        [
          2.85,
          5.06
        ],
        [
          5.06,
          5.49
        ]
      ],
      "disfluency_label": [
        0,
        1,
        1,
        1,
        1,
        1,
        1
      ],
      "f1": 0.5,
      "precision": 0.3333333333333333,
      "recall": 1.0,
      "tp": 2,
      "fp": 4,
      "tn": 1,
      "fn": 0
    },
    "ASR": {
      "disfluency_label": [
        0,
        0,
        0,
        0,
        0,
        0,
        1
      ],
      "f1": 0.6666666666666666,
      "precision": 1.0,
      "recall": 0.5,
      "tp": 1,
      "fp": 0,
      "tn": 5,
      "fn": 1
    }
  }
}