{
  "uttid": "0727-0002",
  "words": {
    "sentence": [
      "FOOD",
      "WORK",
      "GLOVES",
      "AND",
      "RADIO",
      "THAT",
      "YOU",
      "NEED",
      "FOR",
      "YOUR",
      "LIFE"
    ],
    "interval": [
      [
        0.02,
        1.32
      ],
      [
        1.32,
        1.66
      ],
      [
        1.66,
        2.37
      ],
      [
        2.85,
        3.47
      ],
      [
        3.47,
        4.0
      ],
      [
        4.03,
        5.03
      ],
      [
        5.03,
        5.23
      ],
      [
        5.23,
        5.5
      ],
      [
        5.5,
        6.08
      ],
      [
        6.08,
        6.36
      ],
      [
        6.36,
        6.8
      ]
    ],
    "disfluency_label": [
      1,
      0,
      0,
      1,
      0,
      1,
      0,
      0,
      0,
      0,
      0
    ],
    "att_based_D_on_src": {
      "interval": [
        [
          4.03,
          5.03
        ]
      ],
      "disfluency_label": [
        0,
        0,
        0,
        0,
        0,
        1,
        0,
        0,
        0,
        0,
        0
      ],
      "f1": 0.5,
      "precision": 1.0,
      "recall": 0.3333333333333333,
      "tp": 1,
      "fp": 0,
      "tn": 8,
      "fn": 2
    },
    "hs_based_D_on_src_novc": {
      "interval": [
        [
          0.02,
          1.32
        ],
        [
          2.85,
          3.47
        ],
        [
          3.47,
          4.0
        ],
        [
          4.03,
          5.03
        ],
        [
          5.23,
          5.5
        ]
      ],
      "disfluency_label": [
        1,
        0,
        0,
        1,
        1,
        1,
        0,
        1,
        0,
        0,
        0
      ],
      "f1": 0.7499999999999999,
      "precision": 0.6,
      "recall": 1.0,
      "tp": 3,
      "fp": 2,
      "tn": 6,
      "fn": 0
    },
    "zs_based_D_on_src_novc": {
      "interval": [
        [
          1.32,
          1.66
        ],
        [
          1.66,
          2.37
        ],
        [
          2.85,
          3.47
        ]
      ],
      "disfluency_label": [
        0,
        1,
        1,
        1,
        0,
        0,
        0,
        0,
        0,
        0,
        0
      ],
      "f1": 0.3333333333333333,
      "precision": 0.3333333333333333,
      "recall": 0.3333333333333333,
      "tp": 1,
      "fp": 2,
      "tn": 6,
      "fn": 2
    },
    "hs_based_D_on_src": {
      "interval": [
        [
          3.47,
          4.0
        ],
        [
          4.03,
          5.03
        ]
      ],
      "disfluency_label": [
        0,
        0,
        0,
        0,
        1,
        1,
        0,
        0,
        0,
        0,
        0
      ],
      "f1": 0.4,
      "precision": 0.5,
      "recall": 0.3333333333333333,
      "tp": 1,
      "fp": 1,
      "tn": 7,
      "fn": 2
    },
    "zs_based_D_on_src": {
      "interval": [
        [
          1.66,
          2.37
        ],
        [
          2.85,
          3.47
        ],
        [
          3.47,
          4.0
        ],
        [
          6.36,
          6.8
        ]
      ],
      "disfluency_label": [
        0,
        0,
        1,
        1,
        1,
        0,
        0,
        0,
        0,
        0,
        1
      ],
      "f1": 0.28571428571428575,
      "precision": 0.25,
      "recall": 0.3333333333333333,
      "tp": 1,
      "fp": 3,
      "tn": 5,
      "fn": 2
    },
    "zs_hs_based_D_on_src": {
      "interval": [
        [
          0.02,
          1.32
        ]
      ],
      "disfluency_label": [
        1,
        0,
        0,
        0,
        0,
        0,
        0,
        0,
        0,
        0,
        0
      ],
      "f1": 0.5,
      "precision": 1.0,
      "recall": 0.3333333333333333,
      "tp": 1,
      "fp": 0,
      "tn": 8,
      "fn": 2
    },
    "ASR": {
      "disfluency_label": [
        0,
        1,
        1,
        0,
        1,
        0,
        0,
        0,
        0,
        0,
        0
      ],
      "f1": 0,
      "precision": 0.0,
      "recall": 0.0,
      "tp": 0,
      "fp": 3,
      "tn": 5,
      "fn": 3
    }
  }
}