{
  "uttid": "0727-0004",
  "words": {
    "sentence": [
      "THIS",
      "IS",
      "TO",
      "PREVENT",
      "THE",
      "FURNITURE",
      "FROM",
      "BLOCKING",
      "THE",
      "WAY",
      "AND",
      "GETTING",
      "STUCK",
      "WHEN",
      "ESCAPING"
    ],
    "interval": [
      [
        0.05,
        0.4
      ],
      [
        0.4,
        0.74
      ],
      [
        0.74,
        1.3
      ],
      [
        2.01,
        2.8
      ],
      [
        2.93,
        2.94
      ],
      [
        2.94,
        3.41
      ],
      [
        3.41,
        4.62
      ],
      [
        4.62,
        5.08
      ],
      [
        5.08,
        5.19
      ],
      [
        5.19,
        6.95
      ],
      [
        6.97,
        7.11
      ],
      [
        7.11,
        7.35
      ],
      [
        7.35,
        8.7
      ],
      [
        8.7,
        9.03
      ],
      [
        9.68,
        10.57
      ]
    ],
    "disfluency_label": [
      0,
      1,
      1,
      0,
      1,
      0,
      0,
      0,
      1,
      0,
      0,
      0,
      0,
      0,
      0
    ],
    "att_based_D_on_src": {
      "interval": [
        [
          0.74,
          1.3
        ],
        [
          2.01,
          2.8
        ]
      ],
      "disfluency_label": [
        0,
        0,
        1,
        1,
        0,
        0,
        0,
        0,
        0,
        0,
        0,
        0,
        0,
        0,
        0
      ],
      "f1": 0.3333333333333333,
      "precision": 0.5,
      "recall": 0.25,
      "tp": 1,
      "fp": 1,
      "tn": 10,
      "fn": 3
    },
    "hs_based_D_on_src_novc": {
      "interval": [
        [
          0.05,
          0.4
        ],
        [
          2.01,
          2.8
        ],
        [
          2.93,
          2.94
        ],
        [
          2.94,
          3.41
        ],
        [
          3.41,
          4.62
        ],
        [
          5.19,
          6.95
        ],
        [
          7.35,
          8.7
        ],
        [
          9.68,
          10.57
        ]
      ],
      "disfluency_label": [
        1,
        0,
        0,
        1,
        1,
        1,
        1,
        0,
        0,
        1,
        0,
        0,
        1,
        0,
        1
      ],
      "f1": 0.16666666666666666,
      "precision": 0.125,
      "recall": 0.25,
      "tp": 1,
      "fp": 7,
      "tn": 4,
      "fn": 3
    },
    "zs_based_D_on_src_novc": {
      "interval": [
        [
          0.4,
          0.74
        ],
        [
          2.01,
          2.8
        ],
        [
          2.93,
          2.94
        ],
        [
          2.94,
          3.41
        ]
      ],
      "disfluency_label": [
        0,
        1,
        0,
        1,
        1,
        1,
        0,
        0,
        0,
        0,
        0,
        0,
        0,
        0,
        0
      ],
      "f1": 0.5,
      "precision": 0.5,
      "recall": 0.5,
      "tp": 2,
      "fp": 2,
      "tn": 9,
      "fn": 2
    },
    "hs_based_D_on_src": {
      "interval": [
        [
          0.4,
          0.74
        ],
        [
          3.41,
          4.62
        ],
        [
          4.62,
          5.08
        ],
        [
          5.19,
          6.95
        ],
        [
          6.97,
          7.11
        ],
        [
          7.11,
          7.35
        ]
      ],
      "disfluency_label": [
        0,
        1,
        0,
        0,
        0,
        0,
        1,
        1,
        0,
        1,
        1,
        1,
        0,
        0,
        0
      ],
      "f1": 0.2,
      "precision": 0.16666666666666666,
      "recall": 0.25,
      "tp": 1,
      "fp": 5,
      "tn": 6,
      "fn": 3
    },
    "zs_based_D_on_src": {
      "interval": [
        [
          2.01,
          2.8
        ],
        [
          3.41,
          4.62
        ],
        [
          7.11,
          7.35
        ],
        [
          7.35,
          8.7
        ],
        [
          8.7,
          9.03
        ],
        [
          9.68,
          10.57
        ]
      ],
      "disfluency_label": [
        0,
        0,
        0,
        1,
        0,
        0,
        1,
        0,
        0,
        0,
        0,
        1,
        1,
        1,
        1
      ],
      "f1": 0,
      "precision": 0.0,
      "recall": 0.0,
      "tp": 0,
      "fp": 6,
      "tn": 5,
      "fn": 4
    },
    "zs_hs_based_D_on_src": {
      "interval": [
        [
          0.4,
          0.74
        ],
        [
          0.74,
          1.3
        ],
        [
          2.01,
          2.8
        ],
        [
          2.94,
          3.41
        ],
        [
          3.41,
          4.62
        ],
        [
          5.19,
          6.95
        ],
        [
          6.97,
          7.11
        ],
        [
          7.11,
          7.35
        ]
      ],
      "disfluency_label": [
        0,
        1,
        1,
        1,
        0,
        1,
        1,
        0,
        0,
        1,
        1,
        1,
        0,
        0,
        0
      ],
      "f1": 0.3333333333333333,
      "precision": 0.25,
      "recall": 0.5,
      "tp": 2,
      "fp": 6,
      "tn": 5,
      "fn": 2
    },
    "ASR": {
      "disfluency_label": [
        0,
        0,
        0,
        0,
        0,
        0,
        0,
        1,
        0,
        0,
        0,
        0,
        0,
        0,
        0
      ],
      "f1": 0,
      "precision": 0.0,
      "recall": 0.0,
      "tp": 0,
      "fp": 1,
      "tn": 10,
      "fn": 4
    }
  }
}