{
  "uttid": "0732-0003",
  "words": {
    "sentence": [
      "NEXT",
      "I'M",
      "WORRIED",
      "ABOUT",
      "WHETHER",
      "MY",
      "ENGLISH",
      "SKILLS",
      "IMPROVE",
      "OR",
      "NOT",
      "BECAUSE",
      "I'M",
      "TERRIBLE",
      "AT",
      "SPEAKING",
      "ENGLISH"
    ],
    "interval": [
      [
        0.07,
        0.44
      ],
      [
        1.33,
        1.65
      ],
      [
        1.65,
        4.64
      ],
      [
        4.64,
        6.2
      ],
      [
        7.58,
        8.1
      ],
      [
        8.1,
        8.42
      ],
      [
        8.42,
        8.5
      ],
      [
        8.5,
        8.63
      ],
      [
        8.63,
        9.92
      ],
      [
        9.92,
        9.97
      ],
      [
        9.97,
        10.13
      ],
      [
        10.14,
        10.15
      ],
      [
        10.26,
        10.33
      ],
      [
        10.33,
        10.36
      ],
      [
        10.36,
        10.54
      ],
      [
        10.54,
        11.15
      ],
      [
        11.15,
        11.47
      ]
    ],
    "disfluency_label": [
      0,
      0,
      1,
      1,
      1,
      1,
      1,
      1,
      1,
      1,
      1,
      1,
      0,
      1,
      0,
      0,
      1
    ],
    "att_based_D_on_src": {
      "interval": [
        [
          8.63,
          9.92
        ],
        [
          10.54,
          11.15
        ],
        [
          11.15,
          11.47
        ]
      ],
      "disfluency_label": [
        0,
        0,
        0,
        0,
        0,
        0,
        0,
        0,
        1,
        0,
        0,
        0,
        0,
        0,
        0,
        1,
        1
      ],
      "f1": 0.26666666666666666,
      "precision": 0.6666666666666666,
      "recall": 0.16666666666666666,
      "tp": 2,
      "fp": 1,
      "tn": 4,
      "fn": 10
    },
    "hs_based_D_on_src_novc": {
      "interval": [
        [
          7.58,
          8.1
        ],
        [
          8.1,
          8.42
        ],
        [
          8.42,
          8.5
        ],
        [
          8.5,
          8.63
        ],
        [
          8.63,
          9.92
        ]
      ],
      "disfluency_label": [
        0,
        0,
        0,
        0,
        1,
        1,
        1,
        1,
        1,
        0,
        0,
        0,
        0,
        0,
        0,
        0,
        0
      ],
      "f1": 0.5882352941176471,
      "precision": 1.0,
      "recall": 0.4166666666666667,
      "tp": 5,
      "fp": 0,
      "tn": 5,
      "fn": 7
    },
    "zs_based_D_on_src_novc": {
      "interval": [],
      "disfluency_label": [
        0,
        0,
        0,
        0,
        0,
        0,
        0,
        0,
        0,
        0,
        0,
        0,
        0,
        0,
        0,
        0,
        0
      ],
      "f1": 0,
      "precision": 0,
      "recall": 0.0,
      "tp": 0,
      "fp": 0,
      "tn": 5,
      "fn": 12
    },
    "hs_based_D_on_src": {
      "interval": [
        [
          1.65,
          4.64
        ]
      ],
      "disfluency_label": [
        0,
        0,
        1,
        0,
        0,
        0,
        0,
        0,
        0,
        0,
        0,
        0,
        0,
        0,
        0,
        0,
        0
      ],
      "f1": 0.15384615384615385,
      "precision": 1.0,
      "recall": 0.08333333333333333,
      "tp": 1,
      "fp": 0,
      "tn": 5,
      "fn": 11
    },
    "zs_based_D_on_src": {
      "interval": [
        [
          4.64,
          6.2
        ]
      ],
      "disfluency_label": [
        0,
        0,
        0,
        1,
        0,
        0,
        0,
        0,
        0,
        0,
        0,
        0,
        0,
        0,
        0,
        0,
        0
      ],
      "f1": 0.15384615384615385,
      "precision": 1.0,
      "recall": 0.08333333333333333,
      "tp": 1,
      "fp": 0,
      "tn": 5,
      "fn": 11
    },
    "zs_hs_based_D_on_src": {
      "interval": [
        [
          1.65,
          4.64
        ],
        [
          4.64,
          6.2
        ],
        [
          7.58,
          8.1
        ],
        [
          8.63,
          9.92
        ]
      ],
      "disfluency_label": [
        0,
        0,
        1,
        1,
        1,
        0,
        0,
        0,
        1,
        0,
        0,
        0,
        0,
        0,
        0,
        0,
        0
      ],
      "f1": 0.5,
      "precision": 1.0,
      "recall": 0.3333333333333333,
      "tp": 4,
      "fp": 0,
      "tn": 5,
      "fn": 8
    },
    "ASR": {
      "disfluency_label": [
        0,
        0,
        0,
        0,
        0,
        0,
        0,
        1,
        1,
        0,
        0,
        0,
        0,
        0,
        0,
        1,
        0,
        0
      ],
      "f1": 0.26666666666666666,
      "precision": 0.6666666666666666,
      "recall": 0.16666666666666666,
      "tp": 2,
      "fp": 1,
      "tn": 4,
      "fn": 10
    }
  }
}