{
  "uttid": "0734-0001",
  "words": {
    "sentence": [
      "CARS",
      "ARE",
      "FASTER",
      "THAN",
      "WALKING",
      "AND",
      "EXPAND",
      "YOUR",
      "RANGE",
      "ACTION"
    ],
    "interval": [
      [
        0.01,
        0.58
      ],
      [
        0.58,
        0.96
      ],
      [
        0.96,
        1.56
      ],
      [
        1.56,
        1.75
      ],
      [
        1.75,
        2.96
      ],
      [
        3.35,
        3.77
      ],
      [
        3.77,
        4.55
      ],
      [
        4.55,
        5.76
      ],
      [
        5.76,
        5.86
      ],
      [
        5.86,
        6.39
      ]
    ],
    "disfluency_label": [
      0,
      1,
      0,
      0,
      0,
      0,
      0,
      1,
      1,
      0
    ],
    "att_based_D_on_src": {
      "interval": [
        [
          1.75,
          2.96
        ]
      ],
      "disfluency_label": [
        0,
        0,
        0,
        0,
        1,
        0,
        0,
        0,
        0,
        0
      ],
      "f1": 0,
      "precision": 0.0,
      "recall": 0.0,
      "tp": 0,
      "fp": 1,
      "tn": 6,
      "fn": 3
    },
    "hs_based_D_on_src_novc": {
      "interval": [
        [
          0.58,
          0.96
        ],
        [
          3.77,
          4.55
        ],
        [
          4.55,
          5.76
        ]
      ],
      "disfluency_label": [
        0,
        1,
        0,
        0,
        0,
        0,
        1,
        1,
        0,
        0
      ],
      "f1": 0.6666666666666666,
      "precision": 0.6666666666666666,
      "recall": 0.6666666666666666,
      "tp": 2,
      "fp": 1,
      "tn": 6,
      "fn": 1
    },
    "zs_based_D_on_src_novc": {
      "interval": [
        [
          0.96,
          1.56
        ],
        [
          1.56,
          1.75
        ],
        [
          1.75,
          2.96
        ],
        [
          3.77,
          4.55
        ],
        [
          4.55,
          5.76
        ]
      ],
      "disfluency_label": [
        0,
        0,
        1,
        1,
        1,
        0,
        1,
        1,
        0,
        0
      ],
      "f1": 0.25,
      "precision": 0.2,
      "recall": 0.3333333333333333,
      "tp": 1,
      "fp": 4,
      "tn": 3,
      "fn": 2
    },
    "hs_based_D_on_src": {
      "interval": [],
      "disfluency_label": [
        0,
        0,
        0,
        0,
        0,
        0,
        0,
        0,
        0,
        0
      ],
      "f1": 0,
      "precision": 0,
      "recall": 0.0,
      "tp": 0,
      "fp": 0,
      "tn": 7,
      "fn": 3
    },
    "zs_based_D_on_src": {
      "interval": [
        [
          0.96,
          1.56
        ],
        [
          1.56,
          1.75
        ],
        [
          1.75,
          2.96
        ]
      ],
      "disfluency_label": [
        0,
        0,
        1,
        1,
        1,
        0,
        0,
        0,
        0,
        0
      ],
      "f1": 0,
      "precision": 0.0,
      "recall": 0.0,
      "tp": 0,
      "fp": 3,
      "tn": 4,
      "fn": 3
    },
    "zs_hs_based_D_on_src": {
      "interval": [],
      "disfluency_label": [
        0,
        0,
        0,
        0,
        0,
        0,
        0,
        0,
        0,
        0
      ],
      "f1": 0,
      "precision": 0,
      "recall": 0.0,
      "tp": 0,
      "fp": 0,
      "tn": 7,
      "fn": 3
    },
    "ASR": {
      "disfluency_label": [
        0,
        1,
        1,
        1,
        0,
        0,
        0,
        0,
        1,
        0,
        0
      ],
      "f1": 0.5714285714285715,
      "precision": 0.5,
      "recall": 0.6666666666666666,
      "tp": 2,
      "fp": 2,
      "tn": 5,
      "fn": 1
    }
  }
}