{
  "uttid": "0738-0000",
  "words": {
    "sentence": [
      "WHEN",
      "I",
      "DAY",
      "EVERYONE",
      "IGNORED",
      "ME"
    ],
    "interval": [
      [
        0.0,
        2.76
      ],
      [
        2.76,
        2.82
      ],
      [
        2.82,
        3.26
      ],
      [
        3.3,
        3.53
      ],
      [
        3.93,
        4.33
      ],
      [
        4.33,
        7.03
      ]
    ],
    "disfluency_label": [
      0,
      0,
      0,
      0,
      1,
      0
    ],
    "att_based_D_on_src": {
      "interval": [
        [
          0.0,
          2.76
        ],
        [
          3.93,
          4.33
        ],
        [
          4.33,
          7.03
        ]
      ],
      "disfluency_label": [
        1,
        0,
        0,
        0,
        1,
        1
      ],
      "f1": 0.5,
      "precision": 0.3333333333333333,
      "recall": 1.0,
      "tp": 1,
      "fp": 2,
      "tn": 3,
      "fn": 0
    },
    "hs_based_D_on_src_novc": {
      "interval": [
        [
          0.0,
          2.76
        ],
        [
          2.76,
          2.82
        ],
        [
          2.82,
          3.26
        ],
        [
          3.3,
          3.53
        ],
        [
          3.93,
          4.33
        ],
        [
          4.33,
          7.03
        ]
      ],
      "disfluency_label": [
        1,
        1,
        1,
        1,
        1,
        1
      ],
      "f1": 0.2857142857142857,
      "precision": 0.16666666666666666,
      "recall": 1.0,
      "tp": 1,
      "fp": 5,
      "tn": 0,
      "fn": 0
    },
    "zs_based_D_on_src_novc": {
      "interval": [
        [
          0.0,
          2.76
        ],
        [
          2.76,
          2.82
        ],
        [
          2.82,
          3.26
        ],
        [
          3.3,
          3.53
        ],
        [
          3.93,
          4.33
        ],
        [
          4.33,
          7.03
        ]
      ],
      "disfluency_label": [
        1,
        1,
        1,
        1,
        1,
        1
      ],
      "f1": 0.2857142857142857,
      "precision": 0.16666666666666666,
      "recall": 1.0,
      "tp": 1,
      "fp": 5,
      "tn": 0,
      "fn": 0
    },
    "hs_based_D_on_src": {
      "interval": [
        [
          0.0,
          2.76
        ],
        [
          2.76,
          2.82
        ],
        [
          2.82,
          3.26
        ],
        [
          3.3,
          3.53
        ],
        [
          4.33,
          7.03
        ]
      ],
      "disfluency_label": [
        1,
        1,
        1,
        1,
        0,
        1
      ],
      "f1": 0,
      "precision": 0.0,
      "recall": 0.0,
      "tp": 0,
      "fp": 5,
      "tn": 0,
      "fn": 1
    },
    "zs_based_D_on_src": {
      "interval": [
        [
          0.0,
          2.76
        ],
        [
          2.76,
          2.82
        ],
        [
          2.82,
          3.26
        ],
        [
          3.3,
          3.53
        ],
        [
          3.93,
          4.33
        ],
        [
          4.33,
          7.03
        ]
      ],
      "disfluency_label": [
        1,
        1,
        1,
        1,
        1,
        1
      ],
      "f1": 0.2857142857142857,
      "precision": 0.16666666666666666,
      "recall": 1.0,
      "tp": 1,
      "fp": 5,
      "tn": 0,
      "fn": 0
    },
    "zs_hs_based_D_on_src": {
      "interval": [
        [
          0.0,
          2.76
        ],
        [
          2.76,
          2.82
        ],
        [
          2.82,
          3.26
        ],
        [
          3.93,
          4.33
        ],
        [
          4.33,
          7.03
        ]
      ],
      "disfluency_label": [
        1,
        1,
        1,
        0,
        1,
        1
      ],
      "f1": 0.33333333333333337,
      "precision": 0.2,
      "recall": 1.0,
      "tp": 1,
      "fp": 4,
      "tn": 1,
      "fn": 0
    },
    "ASR": {
      "disfluency_label": [
        0,
        0,
        0,
        0,
        0,
        0,
        1,
        0,
        1,
        1,
        0
      ],
      "f1": 0,
      "precision": 0,
      "recall": 0.0,
      "tp": 0,
      "fp": 0,
      "tn": 5,
      "fn": 1
    }
  }
}