{
  "uttid": "0738-0004",
  "words": {
    "sentence": [
      "BUT",
      "IT",
      "REMAINS",
      "OUT",
      "OF",
      "CLASS",
      "IN",
      "THE",
      "CLASS"
    ],
    "interval": [
      [
        0.02,
        0.26
      ],
      [
        0.67,
        1.05
      ],
      [
        1.05,
        1.8
      ],
      [
        1.8,
        2.38
      ],
      [
        2.38,
        2.87
      ],
      [
        2.87,
        3.32
      ],
      [
        3.37,
        3.8
      ],
      [
        3.8,
        4.06
      ],
      [
        4.06,
        4.83
      ]
    ],
    "disfluency_label": [
      0,
      0,
      0,
      1,
      1,
      0,
      0,
      1,
      0
    ],
    "att_based_D_on_src": {
      "interval": [
        [
          4.06,
          4.83
        ]
      ],
      "disfluency_label": [
        0,
        0,
        0,
        0,
        0,
        0,
        0,
        0,
        1
      ],
      "f1": 0,
      "precision": 0.0,
      "recall": 0.0,
      "tp": 0,
      "fp": 1,
      "tn": 5,
      "fn": 3
    },
    "hs_based_D_on_src_novc": {
      "interval": [
        [
          0.02,
          0.26
        ],
        [
          1.05,
          1.8
        ],
        [
          1.8,
          2.38
        ],
        [
          2.38,
          2.87
        ],
        [
          2.87,
          3.32
        ],
        [
          3.37,
          3.8
        ],
        [
          3.8,
          4.06
        ],
        [
          4.06,
          4.83
        ]
      ],
      "disfluency_label": [
        1,
        0,
        1,
        1,
        1,
        1,
        1,
        1,
        1
      ],
      "f1": 0.5454545454545454,
      "precision": 0.375,
      "recall": 1.0,
      "tp": 3,
      "fp": 5,
      "tn": 1,
      "fn": 0
    },
    "zs_based_D_on_src_novc": {
      "interval": [
        [
          1.05,
          1.8
        ],
        [
          3.37,
          3.8
        ],
        [
          3.8,
          4.06
        ],
        [
          4.06,
          4.83
        ]
      ],
      "disfluency_label": [
        0,
        0,
        1,
        0,
        0,
        0,
        1,
        1,
        1
      ],
      "f1": 0.28571428571428575,
      "precision": 0.25,
      "recall": 0.3333333333333333,
      "tp": 1,
      "fp": 3,
      "tn": 3,
      "fn": 2
    },
    "hs_based_D_on_src": {
      "interval": [],
      "disfluency_label": [
        0,
        0,
        0,
        0,
        0,
        0,
        0,
        0,
        0
      ],
      "f1": 0,
      "precision": 0,
      "recall": 0.0,
      "tp": 0,
      "fp": 0,
      "tn": 6,
      "fn": 3
    },
    "zs_based_D_on_src": {
      "interval": [],
      "disfluency_label": [
        0,
        0,
        0,
        0,
        0,
        0,
        0,
        0,
        0
      ],
      "f1": 0,
      "precision": 0,
      "recall": 0.0,
      "tp": 0,
      "fp": 0,
      "tn": 6,
      "fn": 3
    },
    "zs_hs_based_D_on_src": {
      "interval": [],
      "disfluency_label": [
        0,
        0,
        0,
        0,
        0,
        0,
        0,
        0,
        0
      ],
      "f1": 0,
      "precision": 0,
      "recall": 0.0,
      "tp": 0,
      "fp": 0,
      "tn": 6,
      "fn": 3
    },
    "ASR": {
      "disfluency_label": [
        0,
        0,
        1,
        0,
        0,
        1,
        0,
        0,
        1
      ],
      "f1": 0,
      "precision": 0.0,
      "recall": 0.0,
      "tp": 0,
      "fp": 3,
      "tn": 3,
      "fn": 3
    }
  }
}