{
  "uttid": "0742-0000",
  "words": {
    "sentence": [
      "IT",
      "IS",
      "DIFFICULT",
      "TO",
      "TO",
      "THE",
      "U",
      "S",
      "FOR",
      "PROTEST",
      "DEMONSTRATION",
      "BUT",
      "I",
      "FEEL",
      "THAT",
      "THIS",
      "WAY",
      "IS",
      "THE",
      "SAME"
    ],
    "interval": [
      [
        0.0,
        0.18
      ],
      [
        0.18,
        0.34
      ],
      [
        0.34,
        1.45
      ],
      [
        1.45,
        1.49
      ],
      [
        1.49,
        1.63
      ],
      [
        1.63,
        1.79
      ],
      [
        1.79,
        2.0
      ],
      [
        2.0,
        2.28
      ],
      [
        2.28,
        2.78
      ],
      [
        2.78,
        3.34
      ],
      [
        3.34,
        4.4
      ],
      [
        4.6,
        5.15
      ],
      [
        5.15,
        5.33
      ],
      [
        5.33,
        5.63
      ],
      [
        5.63,
        6.06
      ],
      [
        6.06,
        6.29
      ],
      [
        6.29,
        6.64
      ],
      [
        6.64,
        6.81
      ],
      [
        6.81,
        6.93
      ],
      [
        6.93,
        7.27
      ]
    ],
    "disfluency_label": [
      0,
      0,
      0,
      0,
      0,
      0,
      0,
      1,
      1,
      1,
      1,
      1,
      1,
      0,
      0,
      0,
      0,
      0,
      0,
      0
    ],
    "att_based_D_on_src": {
      "interval": [
        [
          1.63,
          1.79
        ],
        [
          4.6,
          5.15
        ],
        [
          5.15,
          5.33
        ]
      ],
      "disfluency_label": [
        0,
        0,
        0,
        0,
        0,
        1,
        0,
        0,
        0,
        0,
        0,
        1,
        1,
        0,
        0,
        0,
        0,
        0,
        0,
        0
      ],
      "f1": 0.4444444444444444,
      "precision": 0.6666666666666666,
      "recall": 0.3333333333333333,
      "tp": 2,
      "fp": 1,
      "tn": 13,
      "fn": 4
    },
    "hs_based_D_on_src_novc": {
      "interval": [
        [
          0.34,
          1.45
        ],
        [
          1.45,
          1.49
        ],
        [
          1.49,
          1.63
        ],
        [
          2.28,
          2.78
        ],
        [
          3.34,
          4.4
        ],
        [
          4.6,
          5.15
        ],
        [
          5.15,
          5.33
        ],
        [
          5.33,
          5.63
        ],
        [
          5.63,
          6.06
        ],
        [
          6.06,
          6.29
        ],
        [
          6.29,
          6.64
        ],
        [
          6.64,
          6.81
        ],
        [
          6.81,
          6.93
        ],
        [
          6.93,
          7.27
        ]
      ],
      "disfluency_label": [
        0,
        0,
        1,
        1,
        1,
        0,
        0,
        0,
        1,
        0,
        1,
        1,
        1,
        1,
        1,
        1,
        1,
        1,
        1,
        1
      ],
      "f1": 0.4,
      "precision": 0.2857142857142857,
      "recall": 0.6666666666666666,
      "tp": 4,
      "fp": 10,
      "tn": 4,
      "fn": 2
    },
    "zs_based_D_on_src_novc": {
      "interval": [],
      "disfluency_label": [
        0,
        0,
        0,
        0,
        0,
        0,
        0,
        0,
        0,
        0,
        0,
        0,
        0,
        0,
        0,
        0,
        0,
        0,
        0,
        0
      ],
      "f1": 0,
      "precision": 0,
      "recall": 0.0,
      "tp": 0,
      "fp": 0,
      "tn": 14,
      "fn": 6
    },
    "hs_based_D_on_src": {
      "interval": [
        [
          1.79,
          2.0
        ],
        [
          2.28,
          2.78
        ]
      ],
      "disfluency_label": [
        0,
        0,
        0,
        0,
        0,
        0,
        1,
        0,
        1,
        0,
        0,
        0,
        0,
        0,
        0,
        0,
        0,
        0,
        0,
        0
      ],
      "f1": 0.25,
      "precision": 0.5,
      "recall": 0.16666666666666666,
      "tp": 1,
      "fp": 1,
      "tn": 13,
      "fn": 5
    },
    "zs_based_D_on_src": {
      "interval": [
        [
          6.06,
          6.29
        ],
        [
          6.29,
          6.64
        ]
      ],
      "disfluency_label": [
        0,
        0,
        0,
        0,
        0,
        0,
        0,
        0,
        0,
        0,
        0,
        0,
        0,
        0,
        0,
        1,
        1,
        0,
        0,
        0
      ],
      "f1": 0,
      "precision": 0.0,
      "recall": 0.0,
      "tp": 0,
      "fp": 2,
      "tn": 12,
      "fn": 6
    },
    "zs_hs_based_D_on_src": {
      "interval": [
        [
          4.6,
          5.15
        ],
        [
          5.33,
          5.63
        ],
        [
          5.63,
          6.06
        ],
        [
          6.06,
          6.29
        ],
        [
          6.29,
          6.64
        ],
        [
          6.64,
          6.81
        ]
      ],
      "disfluency_label": [
        0,
        0,
        0,
        0,
        0,
        0,
        0,
        0,
        0,
        0,
        0,
        1,
        0,
        1,
        1,
        1,
        1,
        1,
        0,
        0
      ],
      "f1": 0.16666666666666666,
      "precision": 0.16666666666666666,
      "recall": 0.16666666666666666,
      "tp": 1,
      "fp": 5,
      "tn": 9,
      "fn": 5
    },
    "ASR": {
      "disfluency_label": [
        0,
        0,
        0,
        0,
        0,
        0,
        0,
        0,
        0,
        0,
        0,
        0,
        0,
        0,
        1,
        0,
        0,
        0,
        0,
        0,
        0
      ],
      "f1": 0,
      "precision": 0.0,
      "recall": 0.0,
      "tp": 0,
      "fp": 1,
      "tn": 13,
      "fn": 6
    }
  }
}