{
  "uttid": "0748-0000",
  "words": {
    "sentence": [
      "NOW",
      "I",
      "SET",
      "THREE",
      "GOALS",
      "FOR",
      "THIS",
      "YEAR",
      "AND",
      "I",
      "WILL",
      "ASK",
      "YOU",
      "SOME",
      "QUESTIONS"
    ],
    "interval": [
      [
        0.0,
        0.39
      ],
      [
        0.42,
        1.04
      ],
      [
        1.04,
        1.51
      ],
      [
        1.51,
        1.73
      ],
      [
        1.73,
        2.45
      ],
      [
        2.52,
        2.72
      ],
      [
        2.72,
        2.98
      ],
      [
        2.98,
        3.36
      ],
      [
        4.76,
        4.9
      ],
      [
        4.9,
        5.02
      ],
      [
        5.02,
        5.19
      ],
      [
        5.19,
        5.53
      ],
      [
        5.53,
        5.66
      ],
      [
        5.66,
        5.92
      ],
      [
        5.92,
        6.67
      ]
    ],
    "disfluency_label": [
      0,
      1,
      1,
      0,
      0,
      0,
      0,
      0,
      0,
      1,
      0,
      0,
      0,
      0,
      0
    ],
    "att_based_D_on_src": {
      "interval": [
        [
          0.42,
          1.04
        ]
      ],
      "disfluency_label": [
        0,
        1,
        0,
        0,
        0,
        0,
        0,
        0,
        0,
        0,
        0,
        0,
        0,
        0,
        0
      ],
      "f1": 0.5,
      "precision": 1.0,
      "recall": 0.3333333333333333,
      "tp": 1,
      "fp": 0,
      "tn": 12,
      "fn": 2
    },
    "hs_based_D_on_src_novc": {
      "interval": [
        [
          0.42,
          1.04
        ],
        [
          1.04,
          1.51
        ],
        [
          1.51,
          1.73
        ],
        [
          1.73,
          2.45
        ],
        [
          4.76,
          4.9
        ],
        [
          4.9,
          5.02
        ],
        [
          5.02,
          5.19
        ]
      ],
      "disfluency_label": [
        0,
        1,
        1,
        1,
        1,
        0,
        0,
        0,
        1,
        1,
        1,
        0,
        0,
        0,
        0
      ],
      "f1": 0.6,
      "precision": 0.42857142857142855,
      "recall": 1.0,
      "tp": 3,
      "fp": 4,
      "tn": 8,
      "fn": 0
    },
    "zs_based_D_on_src_novc": {
      "interval": [
        [
          1.73,
          2.45
        ]
      ],
      "disfluency_label": [
        0,
        0,
        0,
        0,
        1,
        0,
        0,
        0,
        0,
        0,
        0,
        0,
        0,
        0,
        0
      ],
      "f1": 0,
      "precision": 0.0,
      "recall": 0.0,
      "tp": 0,
      "fp": 1,
      "tn": 11,
      "fn": 3
    },
    "hs_based_D_on_src": {
      "interval": [],
      "disfluency_label": [
        0,
        0,
        0,
        0,
        0,
        0,
        0,
        0,
        0,
        0,
        0,
        0,
        0,
        0,
        0
      ],
      "f1": 0,
      "precision": 0,
      "recall": 0.0,
      "tp": 0,
      "fp": 0,
      "tn": 12,
      "fn": 3
    },
    "zs_based_D_on_src": {
      "interval": [],
      "disfluency_label": [
        0,
        0,
        0,
        0,
        0,
        0,
        0,
        0,
        0,
        0,
        0,
        0,
        0,
        0,
        0
      ],
      "f1": 0,
      "precision": 0,
      "recall": 0.0,
      "tp": 0,
      "fp": 0,
      "tn": 12,
      "fn": 3
    },
    "zs_hs_based_D_on_src": {
      "interval": [],
      "disfluency_label": [
        0,
        0,
        0,
        0,
        0,
        0,
        0,
        0,
        0,
        0,
        0,
        0,
        0,
        0,
        0
      ],
      "f1": 0,
      "precision": 0,
      "recall": 0.0,
      "tp": 0,
      "fp": 0,
      "tn": 12,
      "fn": 3
    },
    "ASR": {
      "disfluency_label": [
        0,
        0,
        0,
        0,
        1,
        0,
        0,
        0,
        0,
        0,
        0,
        0,
        0,
        0,
        0
      ],
      "f1": 0,
      "precision": 0.0,
      "recall": 0.0,
      "tp": 0,
      "fp": 1,
      "tn": 11,
      "fn": 3
    }
  }
}